Date,Close,High,Low,Open,Volume,Ticker
2025-01-15,236.79901123046875,237.88411516800545,233.3744970274307,233.5835582088168,39832000,AAPL
2025-01-16,227.23228454589844,236.9383864807084,227.0033243432251,236.28136958651152,71759100,AAPL
2025-01-17,228.9445343017578,231.24413133243607,227.4512878984511,231.07489856287185,68488300,AAPL
2025-01-21,221.6375732421875,223.40955766052627,218.39225670760806,222.9914505136237,98070400,AAPL
2025-01-22,222.82223510742188,223.1109227348787,218.80041619812283,218.80041619812283,64126500,AAPL
2025-01-23,222.65301513671875,226.0078374632505,221.29913768199057,223.72815445577547,60234800,AAPL
2025-01-24,221.77694702148438,224.614121166801,220.4131202139208,223.76794215782238,54697900,AAPL
2025-01-27,228.82508850097656,231.10477141655377,222.9715575076631,223.01138591977585,94863400,AAPL
2025-01-28,237.187255859375,239.1085741517517,229.77080167884077,229.81063008981926,75707600,AAPL
2025-01-29,238.2823028564453,238.78005164957875,232.9563846938824,233.06589003597526,45486100,AAPL
2025-01-30,236.520263671875,239.70585285329432,236.14198492507634,237.59540286874542,55658300,AAPL
2025-01-31,234.9374237060547,246.0770438113447,232.38895238779278,246.0770438113447,100959800,AAPL
2025-02-03,226.9833984375,230.78620649590428,224.6838014511222,228.95449458875606,73063300,AAPL
2025-02-04,231.7518310546875,232.08034706669682,225.62951205101965,226.2268166528706,45067300,AAPL
2025-02-05,231.42332458496094,231.62242106375825,227.24223776986636,227.50106167329415,39620300,AAPL
2025-02-06,232.16995239257812,232.74734282564026,229.39250557129796,230.24863411824003,29925300,AAPL
2025-02-07,226.60511779785156,232.94643248808816,226.23677336593994,231.5527419594936,39707200,AAPL
2025-02-10,226.8741912841797,229.80417456619486,226.42572786906877,228.7876615470872,33115600,AAPL
2025-02-11,231.8272705078125,234.42837673351212,227.3525813044295,227.42233485023965,53718400,AAPL
2025-02-12,236.06277465820312,236.15247950770552,229.89386689621963,230.41209906543347,45243300,AAPL
2025-02-13,240.70687866210938,241.5141157963719,234.76719850951847,236.10262821821914,53614100,AAPL
2025-02-14,243.76646423339844,244.71322380546283,240.16876569412125,240.427874198087,40896200,AAPL
2025-02-18,243.6368865966797,244.34445851454996,241.01584434943877,243.31796980618805,48822500,AAPL
2025-02-19,244.03549194335938,245.17160627919233,242.3313280430039,243.8262161273519,32204200,AAPL
2025-02-20,244.9922332763672,245.9389927126525,243.45747295470235,244.1052669318995,32316900,AAPL
2025-02-21,244.71319580078125,247.84249441981407,244.38431857946645,245.11182656230832,53197400,AAPL
2025-02-24,246.25791931152344,248.01191597096326,243.58704451830639,244.0953010258401,51326400,AAPL
2025-02-25,246.1981201171875,249.14803959700342,244.0753891604379,247.15485528022737,48013300,AAPL
2025-02-26,239.5408935546875,244.14514449402503,238.3150894487839,243.49736566903925,44433600,AAPL
2025-02-27,236.49131774902344,241.6337368385667,236.25213016109495,238.5941277716784,41153600,AAPL
2025-02-28,241.01583862304688,241.26498665715278,229.41550676334808,236.14250368420718,56833400,AAPL
2025-03-03,237.2188262939453,243.1983791446907,235.30537120652147,240.96600727263495,47184000,AAPL
2025-03-04,235.1259765625,239.25188262538288,233.88023638606123,236.89992456399492,53798100,AAPL
2025-03-05,234.93663024902344,235.7438674276595,228.44880585950324,234.61771347352882,47227600,AAPL
2025-03-06,234.52804565429688,237.0494227188423,232.36544239217005,233.64107919926062,45170400,AAPL
2025-03-07,238.2552947998047,240.54744460053885,233.95996981993864,234.30878315837532,46273600,AAPL
2025-03-10,226.70477294921875,235.35520052510583,223.45588808739058,234.73730306532093,72071200,AAPL
2025-03-11,220.08741760253906,225.07037859810526,216.70897065581676,223.0472976504486,76137400,AAPL
2025-03-12,216.24057006835938,220.99431909322652,214.17763213362198,219.38980505207962,62547500,AAPL
2025-03-13,208.96542358398438,216.10102664759694,207.70972301630272,215.21406028960521,61368300,AAPL
2025-03-14,212.76246643066406,213.22089031000854,208.86578742228792,210.53009451028822,60107600,AAPL
2025-03-17,213.27072143554688,214.48656508270392,209.25445626243933,212.58307041465437,48073400,AAPL
2025-03-18,211.96519470214844,214.4168029665515,210.76928711901598,213.43018643369246,42432400,AAPL
2025-03-19,214.50650024414062,218.01449366985423,213.02157246340184,213.4899719913265,54385400,AAPL
2025-03-20,213.37037658691406,216.74882322763474,211.4967785561088,213.2607508466693,48862900,AAPL
2025-03-21,217.52618408203125,218.09423372936246,210.55999911901452,210.8390437188948,94127800,AAPL
2025-03-24,219.977783203125,220.7252273230714,217.83511614199446,220.24686734420678,44299500,AAPL
2025-03-25,222.98748779296875,223.3363011191594,219.32999652191663,220.0176475207108,34493600,AAPL
2025-03-26,220.77505493164062,224.25316696482244,219.71866969932233,222.7483031053444,34466100,AAPL
2025-03-27,223.08717346191406,224.22328797900445,219.8083765580053,220.63554992146092,37094800,AAPL
2025-03-28,217.15740966796875,223.04727255158852,216.93815819229235,220.91456609374504,39818600,AAPL
2025-03-31,221.37301635742188,224.8511131847691,215.49311362240712,216.27045427307317,65299300,AAPL
2025-04-01,222.4293975830078,222.91771798921508,218.15400887457568,219.06091135294477,36412700,AAPL
2025-04-02,223.12701416015625,224.4225869866718,220.2667995775576,220.56578026164416,35905900,AAPL
2025-04-03,202.49755859375,206.78290782089874,200.56416741637668,204.83954098981803,103419000,AAPL
2025-04-04,187.738037109375,199.19884701911502,186.70157274086588,193.2292544699453,125910900,AAPL
2025-04-07,180.84161376953125,193.48835506739644,174.02491207450518,176.59612158290105,160466300,AAPL
2025-04-08,171.83242797851562,189.69135865616965,168.63337548243626,186.0637635998773,120859500,AAPL
2025-04-09,198.17234802246094,199.926344669284,171.30421792842867,171.3640110222038,184395900,AAPL
2025-04-10,189.7710723876953,194.11621470149436,182.37636057603893,188.42568213047016,121880000,AAPL
2025-04-11,197.4747314453125,198.85999394662434,185.42593581806156,185.46580802047046,87435900,AAPL
2025-04-14,201.82984924316406,212.2143377637297,200.47448329230923,210.7194495182335,101352900,AAPL
2025-04-15,201.4511260986328,202.81645240683693,199.11910423874315,201.1720815277121,51343900,AAPL
2025-04-16,193.6079559326172,200.01603598224625,191.71442177543545,197.68401406478426,59732400,AAPL
2025-04-17,196.3087158203125,198.15241736523095,193.75744237056688,196.5279673080365,52164700,AAPL
2025-04-21,192.50172424316406,193.13954254760668,189.16313478921086,192.61134997705832,46742500,AAPL
2025-04-22,199.059326171875,200.9030125684292,195.3021694205859,195.45165216386687,52976400,AAPL
2025-04-23,203.90274047851562,207.29114738184992,202.10887173866126,205.29796327240905,52929200,AAPL
2025-04-24,207.659912109375,208.11835121294007,202.2484237558185,204.1917755069081,47311000,AAPL
2025-04-25,208.56680297851562,209.0352025034097,205.49729734578435,205.66671618569228,38222300,AAPL
2025-04-28,209.4238739013672,210.77923983434187,206.7530142372406,209.2843516085664,38743100,AAPL
2025-04-29,210.490234375,211.51672307140856,207.6599011161091,207.978817902887,36827600,AAPL
2025-04-30,211.7758331298828,212.8521544830753,205.96569903614,208.58674127234366,52286500,AAPL
2025-05-01,212.59304809570312,213.82881264887993,208.18809734114114,208.3674918385056,57365700,AAPL
2025-05-02,204.65020751953125,206.28461806468735,201.4710760745947,205.38767599056177,101010600,AAPL
2025-05-05,198.21221923828125,203.4044712176219,197.5345438511527,202.40787903175757,69018500,AAPL
2025-05-06,197.83349609375,199.96620262041338,196.34858356859348,197.5345306234426,51216500,AAPL
2025-05-07,195.58120727539062,198.7603386318323,192.59143085844198,198.49125449640593,68536700,AAPL
2025-05-08,196.81698608398438,199.3682595147921,194.0165494128041,197.04619801698016,50478900,AAPL
2025-05-09,197.8534393310547,199.85658408831688,196.86680762308345,198.32183886048443,36453900,AAPL
2025-05-12,210.3471221923828,210.82612467262763,206.31561695740214,210.52675192915717,63775800,AAPL
2025-05-13,212.48263549804688,212.95164926547025,208.56089957562318,209.98788789546765,51909300,AAPL
2025-05-14,211.8839111328125,213.49052924285678,210.1375877621875,211.98369190366654,49325800,AAPL
2025-05-15,211.00575256347656,212.51258988469863,209.0997617101353,210.506803034962,45029500,AAPL
2025-05-16,210.81614685058594,212.12340739052024,209.3292870180407,211.9138418912236,54737900,AAPL
2025-05-19,208.3413543701172,209.0398806327114,203.83084657536088,207.47318710280226,46140500,AAPL
2025-05-20,206.42539978027344,208.03201787298204,204.5992426766309,207.23369558110693,42496600,AAPL
2025-05-21,201.66542053222656,206.6050179110669,200.2883301620853,204.7389515122616,59211800,AAPL
2025-05-22,200.93695068359375,202.32402973584547,199.28043462788855,200.28832240028711,46742400,AAPL
2025-05-23,194.8597412109375,197.28462846236872,193.05354646446796,193.2630967266574,78432900,AAPL
2025-05-27,199.78936767578125,200.31825293342968,197.01519441683536,197.88337691051132,56288500,AAPL
2025-05-28,199.99893188476562,202.3040763244224,199.48002009942556,200.16857290124128,45339700,AAPL
2025-05-29,199.5299072265625,203.38179807643976,198.09293019267844,203.15228556391767,51396800,AAPL
2025-05-30,200.4280242919922,201.53569281345096,196.36656797106642,198.95112277889336,70819900,AAPL
2025-06-02,201.27622985839844,201.70533435611304,199.69954757512772,199.85921507319503,35423300,AAPL
2025-06-03,202.8429412841797,203.34189080211323,200.53779694760377,200.92697696252267,46381600,AAPL
2025-06-04,202.3938751220703,205.80668775064265,201.67538665008354,202.4836823743862,43604000,AAPL
2025-06-05,200.20848083496094,204.3198198340372,199.72947835269025,203.07244608657666,55126100,AAPL
2025-06-06,203.49156188964844,205.26782088834017,201.62549563553227,202.57349663849442,46607700,AAPL
2025-06-09,201.02674865722656,205.56719211084615,199.59976040917107,203.96057412654167,72862600,AAPL
2025-06-10,202.24420166015625,203.92068000712237,200.14862275986277,200.17855851367187,54672600,AAPL
2025-06-11,198.36236572265625,204.07034932786254,197.99314795828434,203.0724503091444,60989900,AAPL
2025-06-12,198.78147888183594,199.26046614106752,196.94534836583952,198.66173587371065,43904600,AAPL
2025-06-13,196.03726196289062,199.9490243445518,195.2888376882346,199.3103695725812,51447300,AAPL
2025-06-16,198.0031280517578,198.27256505925683,196.1470352061455,196.8854859861783,43020700,AAPL
2025-06-17,195.2289581298828,197.97318035709665,194.79986887227625,196.78567812068002,38856200,AAPL
2025-06-18,196.1669921875,197.15491770400297,194.66017014117494,195.52833742048526,45394700,AAPL
2025-06-20,200.5777130126953,201.27623931614946,196.44641147314488,197.82351706190548,96813500,AAPL
2025-06-23,201.07664489746094,201.87496712850407,198.54198818263384,201.20637663769034,55814300,AAPL
2025-06-24,199.87918090820312,203.0125832870988,199.77938491343542,202.16436301176623,54064000,AAPL
2025-06-25,201.1365203857422,203.24208788881052,200.19849288768373,201.02675088646447,39525700,AAPL
2025-06-26,200.5777130126953,202.2142668779585,199.04095514509618,201.00680230384165,50799100,AAPL
2025-06-27,200.6575469970703,202.79305039965564,199.57981417332658,201.46584280819525,73188600,AAPL
2025-06-30,204.7389373779297,206.95427439094752,198.84135059390303,201.58557286233471,91912800,AAPL
2025-07-01,207.3833770751953,209.74839282792448,205.70689884063935,206.23578409144605,78788900,AAPL
2025-07-02,211.99366760253906,212.8917706186518,207.7026988246806,208.47108532398713,67941800,AAPL
2025-07-03,213.10133361816406,214.1990133776075,211.3649838836884,211.70426588787655,34955800,AAPL
2025-07-07,209.50889587402344,215.77570049162512,208.36131809352125,212.23315593085263,50229000,AAPL
2025-07-08,209.5687713623047,210.98578616820197,208.01205130024096,209.658593847986,42848900,AAPL
2025-07-09,210.69639587402344,210.8859991217609,206.78463359109693,209.0897778625777,48749400,AAPL
2025-07-10,211.9637451171875,213.03148920420767,209.58874045798783,210.06772774811225,44443600,AAPL
2025-07-11,210.7163543701172,211.68431760849728,209.41908263784933,210.12759762046792,39765800,AAPL
2025-07-14,208.1816864013672,210.46688365912564,207.10395364435493,209.48893166698292,38840100,AAPL
2025-07-15,208.67066955566406,211.44482767792792,208.48106630115817,208.7804390594974,42296300,AAPL
2025-07-16,209.7184600830078,211.9537441254909,208.20164932080104,209.85816533566302,47490500,AAPL
2025-07-17,209.57875061035156,211.3550095983717,209.14964612579556,210.12759810142074,48068100,AAPL
2025-07-18,210.73631286621094,211.34503189230253,209.25942654413325,210.42696659875526,48974600,AAPL
2025-07-21,212.03358459472656,215.32665448510335,211.18537954340883,211.65439331220318,51377400,AAPL
2025-07-22,213.9495391845703,214.49838667908332,211.78410018506472,212.69219192810166,46404100,AAPL
2025-07-23,213.7000732421875,214.69797228179937,211.9637386583707,214.54829351654996,46989300,AAPL
2025-07-24,213.31089782714844,215.23685093304425,213.08138530657155,213.45060308663847,46022600,AAPL
2025-07-25,213.43064880371094,214.7877920897316,212.95164630742312,214.24891808809048,40268800,AAPL
2025-07-28,213.6002960205078,214.39861831079742,212.61237047326716,213.5803337758995,37858000,AAPL
2025-07-29,210.8261260986328,214.3586818606333,210.37707459375494,213.73000061776605,51411700,AAPL
2025-07-30,208.6107940673828,211.94377315400357,207.28358653790625,211.454797150492,45512500,AAPL
2025-07-31,207.1339111328125,209.39913099136336,206.72476887181696,208.0519764228089,80698400,AAPL
2025-08-01,201.95480346679688,213.13126916468397,201.07664747870345,210.4269561886582,104434500,AAPL
2025-08-04,202.9227752685547,207.44325668811337,201.25627047720934,204.0803265791815,75109300,AAPL
2025-08-05,202.49366760253906,204.90858140720596,201.73526982787092,202.97265486934364,44155100,AAPL
2025-08-06,212.8019561767578,214.9274858636443,205.15804638253505,205.1979708684584,108483100,AAPL
2025-08-07,219.56771850585938,220.38600300495352,216.12496995802366,218.42014073215765,90224800,AAPL
2025-08-08,228.86813354492188,230.51466074526758,218.78934791515115,220.36603010589778,113854000,AAPL
2025-08-11,226.95997619628906,229.33767612130436,224.54232171734583,227.6992650180531,61806100,AAPL
2025-08-12,229.42758178710938,230.57647717809445,226.8500938879156,227.78917070894937,55626200,AAPL
2025-08-13,233.10403442382812,234.77241529044048,230.2068337695816,230.8462285986664,69878500,AAPL
2025-08-14,232.5545654296875,234.89229562265464,230.6264418350812,233.83332460758467,51916300,AAPL
2025-08-15,231.36570739746094,234.0531046408583,229.11788646444978,233.77337703316005,56038700,AAPL
2025-08-18,230.66639709472656,232.89423321308522,229.88715369469057,231.47561022214762,37476200,AAPL
2025-08-19,230.3367156982422,232.64447617946885,229.1278960385577,231.05601964615855,39402600,AAPL
2025-08-20,225.79110717773438,230.24679444121838,225.55134937034353,229.75726351111018,42263900,AAPL
2025-08-21,224.68218994140625,226.30063142153253,223.56327948127884,226.05087353353895,30621200,AAPL
2025-08-22,227.53941345214844,228.8681272027074,225.1916985271248,225.95095699429655,42477800,AAPL
2025-08-25,226.94000244140625,229.07792927219558,226.01089520624416,226.26065308481304,30983100,AAPL
2025-08-26,229.08792114257812,229.26775474756235,224.4724002828088,226.65028173376106,54575100,AAPL
2025-08-27,230.26678466796875,230.676376013076,228.03893336267103,228.38860049855515,31259500,AAPL
2025-08-28,232.33477783203125,233.18396075811214,229.11789497993007,230.59647266873003,38074700,AAPL
2025-08-29,231.91517639160156,233.15398096397084,231.145917853049,232.28481317583598,39418400,AAPL
2025-09-02,229.49752807617188,230.62643860177437,226.75019132336067,229.02798202980685,44075600,AAPL
2025-09-03,238.2390594482422,238.6186963224971,234.133039090421,236.98028515930878,66427800,AAPL
2025-09-04,239.5477752685547,239.66765417218173,236.51072617258424,238.21906152531412,47549400,AAPL
2025-09-05,239.45787048339844,241.08629675958926,238.25903569310344,239.76756781945676,54870400,AAPL
2025-09-08,237.64962768554688,239.91741830634814,236.11111057683257,239.06825064349684,48999500,AAPL
2025-09-09,234.123046875,238.5487492683241,233.13400016518182,236.77047435136637,66313900,AAPL
2025-09-10,226.5703582763672,232.19491077497392,225.73117543382176,231.96513778704139,83440800,AAPL
2025-09-11,229.80722045898438,230.22681187017153,226.43048902665416,226.66027725307507,50208600,AAPL
2025-09-12,233.84332275390625,234.28288383192944,228.79821036620638,228.9980136278554,55824200,AAPL
2025-09-15,236.47076416015625,237.95932665324483,234.80238330570734,236.77047667310174,42699500,AAPL
2025-09-16,237.9193572998047,240.98639147239973,236.09114297984144,236.9502954777413,63421100,AAPL
2025-09-17,238.75856018066406,239.86748583209587,237.4997706474641,238.73857528095925,46508000,AAPL
2025-09-18,237.64962768554688,240.9664044724694,236.4208079152849,239.737599946219,44249600,AAPL
2025-09-19,245.26223754882812,246.06146581163878,239.9773675285625,240.99636870073516,163741300,AAPL
2025-09-22,255.8319854736328,256.3914711896616,247.8797028858207,248.05953649140056,105517400,AAPL
2025-09-23,254.18359375,257.0907792625319,253.33442606621003,255.63220171436936,60275200,AAPL
2025-09-24,252.06564331054688,255.4923293909784,250.79686899703333,254.9728287261993,42303700,AAPL
2025-09-25,256.6212158203125,256.9209435623003,251.466224879955,252.96477212582877,55202100,AAPL
2025-09-26,255.2126007080078,257.3505275669758,253.5342198150173,253.8539172209246,46076300,AAPL
2025-09-29,254.18359375,254.75304905914027,252.76497075706976,254.31347273152574,40127700,AAPL
2025-09-30,254.38340759277344,255.67215158054225,252.8648753735947,254.61318058017173,37704300,AAPL
2025-10-01,255.20260620117188,258.53938316103813,254.6831055272507,254.7929996074261,48713900,AAPL
2025-10-02,256.8809814453125,257.9299523535748,253.9038565188199,256.33149581258533,42630200,AAPL
2025-10-03,257.7701110839844,258.9889308017334,253.70406057825727,254.42336451804394,49155600,AAPL
2025-10-06,256.44140625,258.819106172963,254.80299514816292,257.7401350456914,44664100,AAPL
2025-10-07,256.23162841796875,257.15072039039774,255.18262697514498,256.56129542181253,31955800,AAPL
2025-10-08,257.8100891113281,258.2696351050741,255.8619653198879,256.2715719294531,36496900,AAPL
2025-10-09,253.79396057128906,257.75013209688524,252.8948383011137,257.5603136690899,38322000,AAPL
2025-10-10,245.032470703125,256.13171175032437,243.76369637579657,254.69310389004832,61999100,AAPL
2025-10-13,247.42015075683594,249.44818352992385,245.32217845998096,249.13848619669534,38142900,AAPL
2025-10-14,247.53004455566406,248.60900042906025,244.46301046499008,246.36117950382103,35478000,AAPL
2025-10-15,249.09852600097656,251.5761352503302,247.2303418581919,249.24838988167792,33893600,AAPL
2025-10-16,247.21035766601562,248.79881419551728,244.8926123625184,248.00958596667436,39777000,AAPL
2025-10-17,252.045654296875,253.13461023404025,247.03052706557392,247.77980070207627,49147000,AAPL
2025-10-20,261.98602294921875,264.1239650925819,255.3824390623343,255.64218177653177,90483000,AAPL
2025-10-21,262.5155029296875,265.03308188579996,261.5764108568555,261.6263807259345,46695900,AAPL
2025-10-22,258.19970703125,262.5954395959732,255.18261234613632,262.3956210979312,45015300,AAPL
2025-10-23,259.3285827636719,260.36758405794774,257.76012648314656,259.68824995662277,32754900,AAPL
2025-10-24,262.56549072265625,263.87421967110856,258.9290010880386,260.93706434715574,38253700,AAPL
2025-10-27,268.5496520996094,268.8593494221352,264.3936774471076,264.6234656652487,44888200,AAPL
2025-10-28,268.7394714355469,269.6286240979669,267.8902885694659,268.7294713644567,41534800,AAPL
2025-10-29,269.4388122558594,271.1471476128123,266.85129379808274,269.01920560410514,51086700,AAPL
2025-10-30,271.13714599609375,273.87451306817263,268.2199910571769,271.72657092903916,69886500,AAPL
2025-10-31,270.108154296875,277.05143573891627,268.89933466249033,276.721738255342,86167100,AAPL
2025-11-03,268.7894287109375,270.5877038096653,265.9921525413924,270.15812755648943,50194600,AAPL
2025-11-04,269.7784729003906,271.22705027239556,267.36080327265466,268.0701070960229,49274800,AAPL
2025-11-05,269.8783874511719,271.43687417180433,266.67147434431234,268.3498399683747,43683100,AAPL
2025-11-06,269.50872802734375,273.1352174017799,267.6305743388968,267.6305743388968,51204000,AAPL
2025-11-07,268.2099914550781,272.02629915101613,266.51162568814635,269.5386899523433,48227400,AAPL
2025-11-10,269.42999267578125,273.7300109863281,267.4599914550781,268.9599914550781,41312400,AAPL
2025-11-11,275.25,275.9100036621094,269.79998779296875,269.80999755859375,46208300,AAPL
2025-11-12,273.4700012207031,275.7300109863281,271.70001220703125,275.0,48398000,AAPL
2025-11-13,272.95001220703125,276.70001220703125,272.0899963378906,274.1099853515625,49602800,AAPL
2025-11-14,272.4100036621094,275.9599914550781,269.6000061035156,271.04998779296875,47431300,AAPL
2025-11-17,267.4599914550781,270.489990234375,265.7300109863281,268.82000732421875,45018300,AAPL
2025-11-18,267.44000244140625,270.7099914550781,265.32000732421875,269.989990234375,45677300,AAPL
2025-11-19,268.55999755859375,272.2099914550781,265.5,265.5299987792969,40424500,AAPL
2025-11-20,266.25,275.42999267578125,265.9200134277344,270.8299865722656,45823600,AAPL
2025-11-21,271.489990234375,273.3299865722656,265.6700134277344,265.95001220703125,59030800,AAPL
2025-11-24,275.9200134277344,277.0,270.8999938964844,270.8999938964844,65585800,AAPL
2025-11-25,276.9700012207031,280.3800048828125,275.25,275.2699890136719,46914200,AAPL
2025-11-26,277.54998779296875,279.5299987792969,276.6300048828125,276.9599914550781,33431400,AAPL
2025-11-28,278.8500061035156,279.0,275.989990234375,277.260009765625,20135600,AAPL
2025-12-01,283.1000061035156,283.4200134277344,276.1400146484375,278.010009765625,46587700,AAPL
2025-12-02,286.19000244140625,287.3999938964844,282.6300048828125,283.0,53669500,AAPL
2025-12-03,284.1499938964844,288.6199951171875,283.29998779296875,286.20001220703125,43538700,AAPL
2025-12-04,280.70001220703125,284.7300109863281,278.5899963378906,284.1000061035156,43989100,AAPL
2025-12-05,278.7799987792969,281.1400146484375,278.04998779296875,280.5400085449219,47265800,AAPL
2025-12-08,277.8900146484375,279.6700134277344,276.1499938964844,278.1300048828125,38211800,AAPL
2025-12-09,277.17999267578125,280.0299987792969,276.9200134277344,278.1600036621094,32193300,AAPL
2025-12-10,278.7799987792969,279.75,276.44000244140625,277.75,33038300,AAPL
2025-12-11,278.0299987792969,279.5899963378906,273.80999755859375,279.1000061035156,33248000,AAPL
2025-12-12,278.2799987792969,279.2200012207031,276.82000732421875,277.8999938964844,39532900,AAPL
2025-12-15,274.1099853515625,280.1499938964844,272.8399963378906,280.1499938964844,50409100,AAPL
2025-12-16,274.6099853515625,275.5,271.7900085449219,272.82000732421875,37648600,AAPL
2025-12-17,271.8399963378906,276.1600036621094,271.6400146484375,275.010009765625,50138700,AAPL
2025-12-18,272.19000244140625,273.6300048828125,266.95001220703125,273.6099853515625,51630700,AAPL
2025-12-19,273.6700134277344,274.6000061035156,269.8999938964844,272.1499938964844,144632000,AAPL
2025-12-22,270.9700012207031,273.8800048828125,270.510009765625,272.8599853515625,36571800,AAPL
2025-12-23,272.3599853515625,272.5,269.55999755859375,270.8399963378906,29642000,AAPL
2025-12-24,273.80999755859375,275.42999267578125,272.20001220703125,272.3399963378906,17910600,AAPL
2025-12-26,273.3999938964844,275.3699951171875,272.8599853515625,274.1600036621094,21521800,AAPL
2025-12-29,273.760009765625,274.3599853515625,272.3500061035156,272.69000244140625,23715200,AAPL
2025-12-30,273.0799865722656,274.0799865722656,272.2799987792969,272.80999755859375,22139600,AAPL
2025-12-31,271.8599853515625,273.67999267578125,271.75,273.05999755859375,27293600,AAPL
2026-01-02,271.010009765625,277.8399963378906,269.0,272.260009765625,37838100,AAPL
2026-01-05,267.260009765625,271.510009765625,266.1400146484375,270.6400146484375,45647200,AAPL
2026-01-06,262.3599853515625,267.54998779296875,262.1199951171875,267.0,52352100,AAPL
2026-01-07,260.3299865722656,263.67999267578125,259.80999755859375,263.20001220703125,48309800,AAPL
2026-01-08,259.0400085449219,259.2900085449219,255.6999969482422,257.0199890136719,50419300,AAPL
2026-01-09,259.3699951171875,260.2099914550781,256.2200012207031,259.0799865722656,39997000,AAPL
2026-01-12,260.25,261.29998779296875,256.79998779296875,259.1600036621094,45263800,AAPL
2026-01-13,261.04998779296875,261.80999755859375,258.3900146484375,258.7200012207031,45730800,AAPL
2026-01-14,259.9599914550781,261.82000732421875,256.7099914550781,259.489990234375,40019400,AAPL
2026-01-15,258.2099914550781,261.0400085449219,257.04998779296875,260.6499938964844,39388600,AAPL
2026-01-16,255.52999877929688,258.8999938964844,254.92999267578125,257.8999938964844,72018600,AAPL
2025-01-15,196.2161102294922,197.03293757748568,192.58027095513168,193.59631966617226,12894900,GOOG
2025-01-16,193.6560821533203,196.21610779593715,193.54650812506105,195.06558809902253,13449600,GOOG
2025-01-17,196.78390502929688,198.03901328310783,194.55258626735076,197.28196603154788,22109100,GOOG
2025-01-21,198.8558349609375,203.04949996870735,198.66656935353225,199.73241196420346,19005200,GOOG
2025-01-22,199.25428771972656,201.3361791069415,198.4275046138818,199.77227542933375,15477400,GOOG
2025-01-23,198.8060302734375,201.15687879775032,196.05673902959322,199.204472992969,15170800,GOOG
2025-01-24,201.11703491210938,201.78445005827487,199.00924333890612,199.0749968784714,12732400,GOOG
2025-01-27,193.01856994628906,197.89956181185707,191.95271207871966,193.43693937479924,24970200,GOOG
2025-01-28,196.30577087402344,196.46513884315854,191.86306004269633,193.89514224561265,15939200,GOOG
2025-01-29,196.4153289794922,197.69037912518527,194.43305592406392,196.6045945917345,12287800,GOOG
2025-01-30,201.8441925048828,202.44983634357547,198.69843469262187,198.98531221637543,14571500,GOOG
2025-01-31,204.8026885986328,206.2769448978368,202.79051790943333,202.9249889071245,17060300,GOOG
2025-02-03,201.8541717529297,204.4241684677796,200.87797639910207,201.4308168414441,16719500,GOOG
2025-02-04,206.90451049804688,207.89066156549822,203.4678773853658,203.7069521409136,28285400,GOOG
2025-02-05,192.55038452148438,193.79553701425183,189.17353156908362,192.35116316256466,43666400,GOOG
2025-02-06,192.56033325195312,193.0783209259593,189.7512772344421,190.24933821339792,20816600,GOOG
2025-02-07,186.41427612304688,192.26649305045316,184.3821938692764,191.9925655719954,29565700,GOOG
2025-02-10,187.4701690673828,189.25323607051806,186.88246069858877,188.32683464886526,16606000,GOOG
2025-02-11,186.34454345703125,188.06783020214885,185.35837723892726,186.11045418705976,13028100,GOOG
2025-02-12,184.7108917236328,186.1054716174257,182.917884316723,184.51167036726673,17632300,GOOG
2025-02-13,187.15142822265625,187.2610022635208,184.1630618713877,185.2089779346379,12729300,GOOG
2025-02-14,186.14532470703125,187.42035972936003,185.38827741240368,186.10548651241567,12714200,GOOG
2025-02-18,185.0794677734375,187.0517850469982,182.868075751718,186.7131072201513,19796000,GOOG
2025-02-19,186.4043426513672,186.63344648979967,184.7806586842265,185.46299992451782,13120500,GOOG
2025-02-20,185.9162139892578,186.3943483049828,183.88413174771472,185.77675751385402,12063800,GOOG
2025-02-21,180.87582397460938,186.74298160248426,180.42757214082488,186.5636717492017,19520800,GOOG
2025-02-24,180.4873504638672,184.37222024540685,180.1785550709263,183.08722953293318,18734000,GOOG
2025-02-25,176.68215942382812,180.05901249422945,176.08449532618422,179.45636292256336,20832500,GOOG
2025-02-26,174.02252197265625,177.38941942120738,172.91682587088818,176.2588263476241,23637200,GOOG
2025-02-27,169.5499267578125,175.90517457404238,169.09369511454358,175.25770137508286,25930500,GOOG
2025-02-28,171.55213928222656,171.83105223800592,167.73699003756792,169.63958678561835,30049800,GOOG
2025-03-03,168.0059356689453,174.32134533191982,166.98988700026132,173.05626616990452,24122000,GOOG
2025-03-04,171.9406280517578,174.4857125995133,166.89028195089057,167.28873989157168,30711400,GOOG
2025-03-05,174.3114013671875,175.0684486462283,170.26713311442498,171.65175734257568,18848000,GOOG
2025-03-06,173.534423828125,176.04464037532372,171.83901308441207,171.88085762667328,19082400,GOOG
2025-03-07,175.06845092773438,176.21398520957717,171.58202373998432,172.57018119468756,16395300,GOOG
2025-03-10,167.34967041015625,169.98242789879407,165.11083364000163,169.6932301062815,28990700,GOOG
2025-03-11,165.52467346191406,168.19233834954707,162.79219966682945,166.22275015347105,23705900,GOOG
2025-03-12,168.5364227294922,169.06496768992824,165.02607404266914,168.00787776905614,19880100,GOOG
2025-03-13,164.2781219482422,167.65882217030887,163.6199439708421,167.5192068154746,15206200,GOOG
2025-03-14,167.16018676757812,167.78846344663302,164.05871738434496,164.86151705390753,18611100,GOOG
2025-03-17,166.1130828857422,167.99789774713304,165.3551579314285,166.86600146939315,17839100,GOOG
2025-03-18,162.22378540039062,165.9834483433943,158.36440589305724,165.504769270585,24616800,GOOG
2025-03-19,165.82388305664062,167.67179700457908,162.60274739553324,163.46536491130865,24955700,GOOG
2025-03-20,164.59725952148438,166.57182398432158,162.69249513101892,163.3756136941133,19981500,GOOG
2025-03-21,165.7939453125,166.01334302891465,162.58277715435602,162.93182312599697,29882100,GOOG
2025-03-24,169.46385192871094,170.03229564643644,166.98069207130337,168.80068280829667,18742800,GOOG
2025-03-25,172.31600952148438,172.43569069454404,170.0821638501357,170.71042533673634,13841600,GOOG
2025-03-26,166.68150329589844,171.46833904684703,166.4032617058507,170.83009529451596,22498000,GOOG
2025-03-27,163.62989807128906,166.98068153823098,163.40053326732718,166.2526883327416,21571200,GOOG
2025-03-28,155.63189697265625,163.36063733153796,154.91288174399585,161.914617985198,34866500,GOOG
2025-03-31,155.8014373779297,156.69897769591987,151.79247569514342,154.38533444093966,33591600,GOOG
2025-04-01,158.44418334960938,159.64088860290096,154.82912703672736,154.87400177182084,20111400,GOOG
2025-04-02,158.42422485351562,159.83533661020232,156.10061455152714,156.5294429126843,17113300,GOOG
2025-04-03,152.21133422851562,154.26268338948154,151.76255642428285,152.415773730749,28416100,GOOG
2025-04-04,147.33473205566406,152.67004705701973,147.13526851271615,149.488795280342,39832200,GOOG
2025-04-07,148.8306121826172,154.5049906637876,142.26866053002584,142.9966537424444,47823000,GOOG
2025-04-08,146.17791748046875,154.0163572830598,144.81168040387425,153.15372459087558,35304400,GOOG
2025-04-09,160.61817932128906,161.42595490236522,145.41001297471655,145.9285907764552,46479500,GOOG
2025-04-10,154.94378662109375,159.59100703537513,151.7824843406383,158.32448661840758,35270500,GOOG
2025-04-11,158.96273803710938,159.4214828900061,155.15821588311775,155.15821588311775,22582000,GOOG
2025-04-14,161.02706909179688,163.5800442613397,159.48131788958594,161.8647612161283,18255900,GOOG
2025-04-15,158.24472045898438,161.60548662047464,157.2125711136264,161.12680756053086,15690800,GOOG
2025-04-16,155.0734405517578,157.7460816121238,153.48780580846912,155.04352406353968,16921500,GOOG
2025-04-17,152.93931579589844,156.63914551785228,150.48605717451858,156.1804006573908,19513400,GOOG
2025-04-21,149.4489288330078,150.64563414321242,147.99292697402092,150.55089351453177,16147800,GOOG
2025-04-22,153.4778289794922,154.18588806543661,150.45614182614645,150.6556053772964,15910300,GOOG
2025-04-23,157.28736877441406,159.5810628232613,155.92113161014544,157.47685003131366,18575700,GOOG
2025-04-24,161.02706909179688,161.26641622029112,157.65633597926455,158.0901402859029,30787500,GOOG
2025-04-25,163.40054321289062,167.77850023609406,162.55286879192676,166.64162802009162,35148100,GOOG
2025-04-28,161.97445678710938,164.4975154163947,159.9400594955455,163.80940575078378,20871200,GOOG
2025-04-29,161.61546325683594,162.23375771315298,158.9527889542957,161.60050501085837,15955200,GOOG
2025-04-30,160.4486541748047,160.93132003878804,156.7238992270367,159.4214808354622,20639500,GOOG
2025-05-01,162.3434295654297,163.4902840282257,160.4885312883131,162.07418118265323,21904300,GOOG
2025-05-02,165.35516357421875,166.24272160342787,163.2110673335134,164.50251318845105,16844900,GOOG
2025-05-05,165.59449768066406,166.64162038300333,164.01883008211257,164.06370481289306,15309300,GOOG
2025-05-06,164.74684143066406,166.2826256209725,162.6825275029046,163.51025257901807,10691900,GOOG
2025-05-07,152.38084411621094,166.53192073170123,149.07992649888428,165.6144462894935,78729800,GOOG
2025-05-08,155.32276916503906,156.97821934560366,153.67730129276063,155.49230101963664,38387500,GOOG
2025-05-09,153.95651245117188,156.0008767547779,153.4080181578182,155.12330110234345,22871000,GOOG
2025-05-12,159.1422576904297,159.99989923182653,157.45689109723676,158.66357863988551,31884900,GOOG
2025-05-13,160.4486541748047,161.6154428646326,157.147736432167,159.48131381182282,24944300,GOOG
2025-05-14,166.3524169921875,167.87821879457485,160.48854169395702,160.8675041761217,31769200,GOOG
2025-05-15,164.94627380371094,167.05048632634782,163.39055558165364,166.68150616819955,22717600,GOOG
2025-05-16,166.970703125,170.18187132307358,166.49202410911192,168.4665883644654,36271400,GOOG
2025-05-19,167.40951538085938,167.48929776101073,164.9612478002886,165.26042792162292,21374700,GOOG
2025-05-20,164.86651611328125,169.2145415389476,163.809411029233,167.2998101390324,33563300,GOOG
2025-05-21,169.593505859375,174.05124541657764,164.43768951605247,164.49752249530096,45567600,GOOG
2025-05-22,171.50823974609375,177.6413788951047,171.40852318489004,172.87449206528717,45024100,GOOG
2025-05-23,169.1248016357422,170.7353770798728,168.79570501788888,169.81291136244153,24963600,GOOG
2025-05-27,173.50274658203125,173.81189377809147,170.74035599876692,170.83010546531364,24341300,GOOG
2025-05-28,172.90440368652344,175.99589090157693,172.54039944520105,173.5027486876955,25999200,GOOG
2025-05-29,172.48556518554688,174.91885931079202,171.3087940961788,174.51996262584905,21174700,GOOG
2025-05-30,172.37583923339844,172.96421707717835,168.06269151829088,171.9370438187386,36258300,GOOG
2025-06-02,169.9026336669922,170.59273670161065,168.18735077867083,168.5463638301086,24742900,GOOG
2025-06-03,167.2499542236328,169.33421740320648,166.2227656610953,168.40178467639365,25386700,GOOG
2025-06-04,168.9253387451172,169.11481998304504,167.3347128375843,167.8183830228989,18508700,GOOG
2025-06-05,169.34417724609375,171.88718516661356,168.88544763287672,171.14920964574225,25375400,GOOG
2025-06-06,174.44017028808594,175.347677694002,171.8273621519075,171.8273621519075,22258100,GOOG
2025-06-09,177.3556671142578,177.6402153718793,175.38870842986094,175.59837556705574,18817600,GOOG
2025-06-10,179.7319793701172,182.16323144952992,176.20245055412113,177.48545436637687,32908000,GOOG
2025-06-11,178.5138702392578,181.46930552237777,177.72509701778952,180.950104343879,18994400,GOOG
2025-06-12,176.69668579101562,177.85489792406833,175.83801337999012,177.20589265380562,17345900,GOOG
2025-06-13,175.60836791992188,178.0675613928071,173.30193802509706,173.31191709596868,20873200,GOOG
2025-06-16,177.66517639160156,177.96969801010982,175.54845557966115,175.63331576652783,18132500,GOOG
2025-06-17,176.95628356933594,178.43899076022245,175.66828253538915,176.72664304480134,17656100,GOOG
2025-06-18,173.71128845214844,177.54936088571782,172.5730497599219,177.00619474076913,32531800,GOOG
2025-06-20,167.470947265625,175.09416523737374,166.01321067580938,174.5949374560243,55402600,GOOG
2025-06-23,165.7536163330078,168.21980299782112,163.0777625142281,167.06160602705512,36975600,GOOG
2025-06-24,167.48094177246094,168.98860418926247,166.65222182620118,167.4260187941308,27310300,GOOG
2025-06-25,171.22515869140625,173.09226581389888,168.30068134547906,168.38953316950784,23627400,GOOG
2025-06-26,174.1605987548828,174.3802602003527,170.59612027198173,173.11721450651243,25909100,GOOG
2025-06-27,177.9946746826172,178.56378642226113,172.4432642772778,174.3602970998626,74053100,GOOG
2025-06-30,177.1160430908203,181.29957460621677,175.22896256491478,180.50580421085897,43964600,GOOG
2025-07-01,176.63677978515625,176.94629857639345,174.39025473688548,176.5319309802097,25778500,GOOG
2025-07-02,179.4823760986328,179.65710887852734,175.8180458150953,176.27234494873161,19325900,GOOG
2025-07-03,180.2711639404297,180.49082539406643,177.9148080847821,179.54229560893882,13287400,GOOG
2025-07-07,177.28578186035156,180.06148733419192,176.36720449532464,179.85680209877262,20991400,GOOG
2025-07-08,174.8894805908203,178.51386393532042,173.65139020434393,178.50388486434102,24108600,GOOG
2025-07-09,177.3856201171875,180.00156883376084,173.6114592836493,175.83801093756307,31288000,GOOG
2025-07-10,178.42401123046875,179.31263609787564,175.46859121008725,176.397147597673,24693700,GOOG
2025-07-11,181.02996826171875,182.32796348740288,177.2667922024666,177.63522558090386,23975700,GOOG
2025-07-14,182.52764892578125,184.4446816723468,180.4318917901642,181.78880160062218,20990400,GOOG
2025-07-15,182.8172149658203,185.12364481924809,182.10830483087008,183.6559139606627,23911600,GOOG
2025-07-16,183.48617553710938,185.04876086661793,182.79723878931895,184.0353291212338,21152600,GOOG
2025-07-17,184.4147491455078,184.90099654275474,181.21969422278445,182.8322055265823,21654400,GOOG
2025-07-18,185.65283203125,187.0706371193561,184.4446940821443,186.3317745092629,21033400,GOOG
2025-07-21,190.85476684570312,190.96459756247992,186.76110834857775,186.8110341716985,24665000,GOOG
2025-07-22,191.81329345703125,193.0613628759034,188.20387121297293,192.12281223527594,26212900,GOOG
2025-07-23,191.21421813964844,193.06136701325298,189.88627042128354,192.06291145675814,34068100,GOOG
2025-07-24,192.901611328125,198.6627041806578,191.6535418769399,197.80403178883356,45252100,GOOG
2025-07-25,193.78025817871094,194.97340465838818,191.83327287103867,192.63202513607754,31101800,GOOG
2025-07-28,193.1212615966797,194.51910844226362,191.55867629656885,194.1097380295069,25553500,GOOG
2025-07-29,196.12661743164062,196.35627317873985,192.69194311869856,193.0014619032327,31891600,GOOG
2025-07-30,197.13507080078125,198.1734578933613,195.257969447984,195.99683205679682,21150500,GOOG
2025-07-31,192.5621337890625,196.52600345506076,191.7833396958398,196.29636294942387,27852000,GOOG
2025-08-01,189.65663146972656,191.32205462037308,188.40856201383838,189.4868958519525,21236700,GOOG
2025-08-04,195.4476776123047,195.77716977826867,190.62513538628775,190.87974643162875,23386000,GOOG
2025-08-05,195.01834106445312,198.39311038953284,194.3743329829563,195.24298441714578,19010200,GOOG
2025-08-06,196.61587524414062,197.0751715243873,194.16666072818697,194.94845621765052,15383700,GOOG
2025-08-07,196.97531127929688,198.0636241811511,194.91849526728674,197.4046550915873,14660600,GOOG
2025-08-08,201.7778778076172,203.11580458395042,197.59434662865613,197.67422490063132,24379900,GOOG
2025-08-11,201.318603515625,201.84778375432532,199.49142797559023,201.2437071589298,16690200,GOOG
2025-08-12,203.84469604492188,204.81319918192554,201.0889488776854,201.78288282269472,19854000,GOOG
2025-08-13,202.7164306640625,205.11271790848946,198.33321137510248,204.66341595456223,19573000,GOOG
2025-08-14,203.50521850585938,205.10273825251264,202.01251709138205,202.24715475618467,17777100,GOOG
2025-08-15,204.59353637695312,207.0097970502324,201.7729024129421,204.40382737928184,21111400,GOOG
2025-08-18,203.97447204589844,205.82162085713637,203.09584154580025,204.7532813700738,13000200,GOOG
2025-08-19,202.17727661132812,203.97448447366057,200.61967310329786,203.5900845586483,13476600,GOOG
2025-08-20,199.8808135986328,201.8577512684256,197.15503428654648,201.36850257744715,13971700,GOOG
2025-08-21,200.31015014648438,203.04592387341168,200.09048870383648,200.4100017968599,11768900,GOOG
2025-08-22,206.40074157714844,208.9068596330031,201.81783405788252,203.6450096228341,25723700,GOOG
2025-08-25,208.8369598388672,210.7639716760469,205.63191092201342,206.68029226314627,22788800,GOOG
2025-08-26,207.6288299560547,208.13805204048316,206.13114662109604,208.04817946161637,23051000,GOOG
2025-08-27,207.88844299316406,209.2463431912284,206.07124652485047,206.1411457283501,15249000,GOOG
2025-08-28,212.0419921875,212.57117238999064,207.2793703650841,207.51898993739863,20915700,GOOG
2025-08-29,213.20021057128906,215.00741266388385,210.64416682252147,210.9437065320351,24682200,GOOG
2025-09-02,211.66261291503906,212.041025402124,206.64038235228847,208.6672460473044,28900100,GOOG
2025-09-03,230.7430877685547,231.44200361883648,224.77231250489172,226.13021268624902,72250300,GOOG
2025-09-04,232.30067443847656,232.41050515957645,226.40977748846325,229.79953838333347,32196000,GOOG
2025-09-05,234.80679321289062,235.76531725805415,232.02110889217334,232.3006752313413,26127700,GOOG
2025-09-08,234.00732421875,238.24454985055107,233.57759666242987,235.63625103996944,23128800,GOOG
2025-09-09,239.78355407714844,240.4331241573419,233.22783384154016,234.0373032564655,22854800,GOOG
2025-09-10,239.40379333496094,241.922154447817,237.95474185194615,239.09399790914586,19990100,GOOG
2025-09-11,240.6230010986328,242.41184249017257,236.42574270750922,239.9834190128315,21308600,GOOG
2025-09-12,241.22262573242188,242.2649449671254,238.34449860548148,240.64300206108857,14536600,GOOG
2025-09-15,251.59584045410156,252.58520043798106,244.82026241003442,244.980161745602,29935200,GOOG
2025-09-16,251.25607299804688,253.06489044304075,249.5521828236566,252.165483340186,24493500,GOOG
2025-09-17,249.68710327148438,251.7857249169014,246.41923105002894,251.2960541573909,20491300,GOOG
2025-09-18,252.1654815673828,253.97429899966014,249.9469277971752,251.6957867895291,21166400,GOOG
2025-09-19,255.07357788085938,256.5326326066914,251.90363384209934,253.23476605196709,41616800,GOOG
2025-09-22,252.71511840820312,256.1428746106005,250.64646080006915,254.6138734432144,20079000,GOOG
2025-09-23,252.1754608154297,254.6038842900218,250.92627586419746,253.48960582394037,17521100,GOOG
2025-09-24,247.6684112548828,252.79507126242333,247.05880837825745,251.9855865910959,16958500,GOOG
2025-09-25,246.40924072265625,247.1537500940936,241.49243520267595,244.68035772423693,17379800,GOOG
2025-09-26,247.01882934570312,249.95691488202831,246.4791881395072,247.62344586003442,16594600,GOOG
2025-09-29,244.20066833496094,251.48391066241172,243.04142104059784,248.11310889238666,23157200,GOOG
2025-09-30,243.39120483398438,243.51612333212861,239.4147952973542,242.90151883167655,22541200,GOOG
2025-10-01,245.37989807128906,246.98884894065887,239.0440354920674,241.02274023707793,23967700,GOOG
2025-10-02,246.26931762695312,247.4735337836427,242.94648861306507,245.4798394250779,20657500,GOOG
2025-10-03,246.289306640625,246.95687035937326,242.31190594958701,245.0701008850218,19941400,GOOG
2025-10-06,251.34600830078125,252.03556085596028,245.52981090927676,245.61974856895048,18309000,GOOG
2025-10-07,246.9688720703125,251.38598832802836,246.64907339611258,248.76768624174676,13811200,GOOG
2025-10-08,245.29995727539062,247.09877140655033,244.9301881605209,246.0394650074506,14136500,GOOG
2025-10-09,242.0520782470703,245.39488317397436,239.52371385692186,244.9002108090174,19375700,GOOG
2025-10-10,237.3351593017578,244.68035786865013,236.53067624153942,242.00211257865035,22449100,GOOG
2025-10-13,244.48048400878906,244.83026189387334,240.5930210593619,240.87283726789343,12465000,GOOG
2025-10-14,246.02947998046875,247.86327497207864,241.0207392770717,241.59737415880704,17705400,GOOG
2025-10-15,251.54588317871094,252.59518634371952,246.62907776804082,247.92324680271904,16048100,GOOG
2025-10-16,251.7157745361328,257.412039733801,250.5065567686617,252.30038456613704,18946000,GOOG
2025-10-17,253.62451171875,254.71381258280724,248.42790538348763,251.18611550864574,17653800,GOOG
2025-10-20,256.8524169921875,257.71187214774994,254.4340118637041,255.06359074677613,13726800,GOOG
2025-10-21,251.17611694335938,255.21349131081692,244.5104677649344,255.08357119414507,27836400,GOOG
2025-10-22,252.36534118652344,257.0123031390601,250.2877020062622,254.8437198779537,19650200,GOOG
2025-10-23,253.56455993652344,255.69317602396845,252.60319681232596,253.53458071688394,13241300,GOOG
2025-10-24,260.34014892578125,262.3388448619566,255.933020726793,257.1322199898904,18406000,GOOG
2025-10-27,269.7539978027344,270.6234256814365,264.7672610515648,265.1869701320579,22987700,GOOG
2025-10-28,268.2549743652344,271.2030631428179,266.9958166328353,270.0238398308567,20101200,GOOG
2025-10-29,274.9906005859375,275.790066781071,268.25497437633226,268.4348496955852,26287900,GOOG
2025-10-30,281.7161865234375,291.73964543835973,280.26715026616273,291.5297909040995,48570000,GOOG
2025-10-31,281.6362609863281,286.09834615146855,277.34206555342627,283.0203372294134,29932800,GOOG
2025-11-03,283.93475341796875,285.75357412647895,280.1871983580786,282.23588008942727,19691800,GOOG
2025-11-04,277.8786926269531,281.65024916844396,276.6844644896837,276.88434628169716,18123700,GOOG
2025-11-05,284.5643310546875,286.51307177195645,277.69881546251395,279.19783739958865,20063200,GOOG
2025-11-06,285.1539611816406,288.62170004085374,281.4363853167139,285.5486926715029,23103800,GOOG
2025-11-07,279.51763916015625,284.3144972128298,275.56019924413687,284.02467776243657,21991100,GOOG
2025-11-10,290.4005126953125,291.26994051890455,283.35512195449274,285.0790032414487,19508200,GOOG
2025-11-11,291.5497741699219,292.14938906618625,287.6923055498566,288.01210422755497,14156700,GOOG
2025-11-12,287.2425842285156,292.16936247888566,284.1945850710095,291.8945478823368,16998800,GOOG
2025-11-13,278.9380187988281,283.3251713137129,277.8187538786583,282.8004891969117,18060200,GOOG
2025-11-14,276.7994079589844,278.96797594579846,271.2330325220686,271.7177016420648,18330500,GOOG
2025-11-17,285.4137878417969,294.32795470266535,284.04468599528104,286.2132540229553,34286100,GOOG
2025-11-18,284.7742004394531,289.246288884512,278.8280980775343,288.2968960757756,29702200,GOOG
2025-11-19,292.7989501953125,304.05161802852626,287.482442205392,287.4974165660577,43123600,GOOG
2025-11-20,289.79095458984375,306.68993354598797,288.98148512013125,304.5413108694683,34801400,GOOG
2025-11-21,299.4546203613281,303.7618077764989,294.1680609326802,296.6764341573702,43670600,GOOG
2025-11-24,318.2623596191406,319.5914790436659,309.19826591579596,310.8072320588326,55311800,GOOG
2025-11-25,323.4289855957031,328.4557045708052,317.6087780037563,326.5868982838347,50899300,GOOG
2025-11-26,320.0711669921875,324.7780873971327,316.99318865990756,320.57084097778153,29839600,GOOG
2025-11-28,319.9112854003906,326.6668878195667,316.73336599519826,323.21912492867204,19695800,GOOG
2025-12-01,314.9145202636719,319.42158926511087,313.77527946257874,317.26799565865406,28520600,GOOG
2025-12-02,315.8139343261719,318.39226916605145,314.0151201802352,316.6933654189159,24668200,GOOG
2025-12-03,320.41094970703125,321.83003728081405,314.07508706995475,315.82394606355047,32285100,GOOG
2025-12-04,318.18243408203125,322.88834834302395,315.38424129791457,322.83439794428057,20831600,GOOG
2025-12-05,321.8799743652344,323.61883002174113,319.77136485052137,319.79134083015884,15719900,GOOG
2025-12-08,314.45001220703125,321.2300109863281,311.9100036621094,321.0299987792969,22006900,GOOG
2025-12-09,317.75,318.7090148925781,312.6199951171875,313.1000061035156,14151300,GOOG
2025-12-10,321.0,321.8699951171875,315.3999938964844,316.6199951171875,22764500,GOOG
2025-12-11,313.70001220703125,321.989990234375,309.8800048828125,321.1000061035156,25912100,GOOG
2025-12-12,310.5199890136719,316.1400146484375,306.9599914550781,314.7950134277344,21264800,GOOG
2025-12-15,309.32000732421875,312.70001220703125,305.739990234375,312.625,22028900,GOOG
2025-12-16,307.7300109863281,311.8450012207031,303.8299865722656,306.0,21285200,GOOG
2025-12-17,298.05999755859375,309.19500732421875,297.45001220703125,309.010009765625,29120400,GOOG
2025-12-18,303.75,305.260009765625,300.6300048828125,303.05999755859375,21040500,GOOG
2025-12-19,308.6099853515625,308.989990234375,302.3399963378906,303.2699890136719,45234400,GOOG
2025-12-22,311.3299865722656,311.70001220703125,306.5899963378906,311.2250061035156,14091400,GOOG
2025-12-23,315.67999267578125,316.29998779296875,310.75,311.135009765625,13961400,GOOG
2025-12-24,315.6700134277344,316.2900085449219,313.32000732421875,316.1499938964844,6138200,GOOG
2025-12-26,314.9599914550781,316.55999755859375,313.7200012207031,315.9200134277344,6730900,GOOG
2025-12-29,314.3900146484375,314.9700012207031,311.8999938964844,312.82000732421875,12317700,GOOG
2025-12-30,314.54998779296875,317.70001220703125,313.25,313.4100036621094,11052500,GOOG
2025-12-31,313.79998779296875,315.3900146484375,312.20001220703125,313.3699951171875,10821500,GOOG
2026-01-02,315.32000732421875,322.91400146484375,310.6499938964844,317.5899963378906,22043700,GOOG
2026-01-05,317.32000732421875,319.25,315.2489929199219,317.69500732421875,19934000,GOOG
2026-01-06,314.54998779296875,321.55999755859375,312.3399963378906,317.30999755859375,18989900,GOOG
2026-01-07,322.42999267578125,326.4649963378906,314.5,314.57000732421875,24681800,GOOG
2026-01-08,326.010009765625,330.5400085449219,321.989990234375,329.2650146484375,21789600,GOOG
2026-01-09,329.1400146484375,331.4800109863281,326.25,327.489990234375,17917700,GOOG
2026-01-12,332.7300109863281,334.44000244140625,325.510009765625,326.5,23893800,GOOG
2026-01-13,336.42999267578125,341.20001220703125,334.3500061035156,335.2799987792969,24616700,GOOG
2026-01-14,336.30999755859375,337.0299987792969,331.1400146484375,334.9849853515625,17839300,GOOG
2026-01-15,333.1600036621094,338.1300048828125,331.2900085449219,338.05499267578125,16424900,GOOG
2026-01-16,330.3399963378906,335.239990234375,328.1700134277344,334.93499755859375,21785400,GOOG
2025-01-15,423.1882019042969,425.0147242617403,415.2070689754285,416.06078709453215,19637800,MSFT
2025-01-16,421.47088623046875,426.34493507947604,421.28230542678756,425.56074187721237,15300000,MSFT
2025-01-17,425.8883361816406,431.29843952552403,425.03464825408395,430.9112808415576,26197500,MSFT
2025-01-21,425.3621826171875,427.74460185190514,422.4834247796493,427.04974598441896,26085700,MSFT
2025-01-22,442.9325866699219,443.9947282693763,432.8072669314077,434.3558409675422,27803800,MSFT
2025-01-23,443.4388122558594,443.4785278251988,438.266972657695,438.76331124507635,18389300,MSFT
2025-01-24,440.8082580566406,443.37928850377745,438.16773293128523,441.9002090925553,15549500,MSFT
2025-01-27,431.3778381347656,432.01316613773105,420.3988297966623,420.9051049056437,35647800,MSFT
2025-01-28,443.9252624511719,445.0966142937209,428.2211016468738,431.4175234893937,23491700,MSFT
2025-01-29,439.0909118652344,443.60761150041753,437.17505205552743,443.41900040059096,23581400,MSFT
2025-01-30,411.95111083984375,419.7634757332681,410.1345248522129,415.7034295288443,54586300,MSFT
2025-01-31,412.0205993652344,417.60937689111034,411.87170384291437,415.911907348454,34161900,MSFT
2025-02-03,407.9109191894531,412.3680300232083,405.6674590737405,408.5859323997036,25679100,MSFT
2025-02-04,409.3503112792969,410.8889791877868,406.739565274027,409.6679752687522,20532100,MSFT
2025-02-05,410.26361083984375,410.7996347714461,407.3947588943965,409.33049175194867,16316700,MSFT
2025-02-06,412.7750244140625,415.1376009046221,410.9683447102107,410.9683447102107,16309800,MSFT
2025-02-07,406.7494812011719,415.58430218979566,405.1115698860282,413.4302096384315,22886800,MSFT
2025-02-10,409.201416015625,412.41768060214906,407.91094771202364,410.6804954197058,20817900,MSFT
2025-02-11,408.4270935058594,409.4693924071674,406.3027498403555,406.6402867338733,18140600,MSFT
2025-02-12,406.0447082519531,407.742177856358,401.40889219439293,404.2280919312538,19121700,MSFT
2025-02-13,407.53369140625,407.99031441935836,403.38427783705555,404.0196057632089,23891700,MSFT
2025-02-14,405.43914794921875,405.91564391864586,402.9078331667541,404.80385028408716,22758500,MSFT
2025-02-18,406.64031982421875,407.593281493885,403.5232987441634,405.012314606688,21423100,MSFT
2025-02-19,411.7326965332031,412.4474253032674,404.66483997040297,404.8931666240703,24114200,MSFT
2025-02-20,413.9110412597656,417.07407700385164,410.340188149201,413.0755241021682,23508700,MSFT
2025-02-21,406.0332946777344,415.8208212359378,405.7150240823537,415.11461566593005,27524800,MSFT
2025-02-24,401.8457336425781,407.1870941067446,397.1906962904959,406.3316944915949,26443700,MSFT
2025-02-25,395.77825927734375,399.77684273234365,394.58467628789543,398.9612079589026,29387400,MSFT
2025-02-26,397.5985412597656,401.44790050472056,392.1477511905504,395.8877115559134,19619000,MSFT
2025-02-27,390.4368896484375,403.5764407452776,390.0788238664077,399.13027515598884,21127400,MSFT
2025-02-28,394.87310791015625,395.50970978817173,384.50868780557136,390.5662102627109,32845700,MSFT
2025-03-03,386.4184265136719,396.693360360252,384.1008642400347,396.693360360252,23007700,MSFT
2025-03-04,386.53778076171875,390.48661254503907,378.9683745181786,381.3555708063787,29342900,MSFT
2025-03-05,398.881591796875,399.52815002362524,386.7367088462604,387.26388146240924,23433100,MSFT
2025-03-06,394.773681640625,400.00561314926756,390.586108729763,392.17758313531544,23304600,MSFT
2025-03-07,391.2127380371094,392.6947831487431,383.4841811851977,390.2280267594304,22034100,MSFT
2025-03-10,378.13287353515625,384.3395902213564,375.20854809150063,383.7825787420743,32840100,MSFT
2025-03-11,378.42132568359375,383.9417190881288,374.900193646485,376.9790454259089,30380200,MSFT
2025-03-12,381.2262878417969,383.1659020465141,376.92934634163805,380.9080172396425,24253600,MSFT
2025-03-13,376.7502746582031,383.2653663209318,375.4373363609022,381.11688044146297,20473000,MSFT
2025-03-14,386.4880676269531,388.1491759928466,377.48633735073093,377.7548866940246,19952800,MSFT
2025-03-17,386.6273498535156,390.61594671729495,383.51403507382423,384.6380144395121,22474300,MSFT
2025-03-18,381.4749450683594,385.3044217812384,379.06786623501773,385.0060336134189,19486900,MSFT
2025-03-19,385.75201416015625,387.6020814133235,381.9523764633006,383.47421674907764,19185500,MSFT
2025-03-20,384.7772521972656,389.70086948967395,381.2362375881449,383.68311164841384,18470500,MSFT
2025-03-21,389.17364501953125,389.6510660283216,380.75873548145654,381.17650921899354,39675900,MSFT
2025-03-24,390.98394775390625,393.29158399443577,387.73139545576913,393.29158399443577,21004500,MSFT
2025-03-25,393.0528869628906,394.2464699747621,390.54633531859656,391.8195087441688,15775000,MSFT
2025-03-26,387.89056396484375,393.2020858372719,386.49803525659746,392.89374127883343,16108400,MSFT
2025-03-27,388.4972839355469,390.1484359049866,385.33424804034394,388.04970169840396,13766800,MSFT
2025-03-28,376.78009033203125,387.05502406399853,374.920066699825,386.01060482786494,21632000,MSFT
2025-03-31,373.3883056640625,375.0593400396717,365.28173999012597,370.5534967757106,35184700,MSFT
2025-04-01,380.15203857421875,380.80852287787553,371.2398247656492,372.65223585591366,19689500,MSFT
2025-04-02,380.1023254394531,383.0266205201498,374.6117403662579,375.95454781806535,16092600,MSFT
2025-04-03,371.12042236328125,375.4671453752222,367.38049274092737,372.79148704012755,30198000,MSFT
2025-04-04,357.92120361328125,372.5925514540549,357.5631378295283,362.1883363320907,49209900,MSFT
2025-04-07,355.9517822265625,369.021730877009,342.9514979578054,349.00902084094025,50425000,MSFT
2025-04-08,352.6693420410156,371.657542893924,348.38232711080923,366.2963003111999,35868900,MSFT
2025-04-09,388.40777587890625,391.13318598606264,351.2171667990214,351.65482301024804,50199700,MSFT
2025-04-10,379.3164978027344,381.852888057324,365.8387335220006,380.02270330397937,38024400,MSFT
2025-04-11,386.378662109375,387.97010607095405,376.86964177115533,378.61031016462425,23839200,MSFT
2025-04-14,385.7420654296875,392.54558862795363,382.1612557582716,391.1232211496066,19251200,MSFT
2025-04-15,383.67315673828125,389.80031299588615,382.11152127039287,386.4383315419063,17199900,MSFT
2025-04-16,369.62841796875,379.5750941222194,366.03768244767394,378.6401344902522,21967800,MSFT
2025-04-17,365.81884765625,372.32398224080106,364.9336092793292,371.757014425277,21120200,MSFT
2025-04-21,357.205078125,362.53651305850417,353.7734925946294,360.88536094814043,20807300,MSFT
2025-04-22,364.864013671875,365.80892977570767,357.94110461161955,361.44235434917846,19485000,MSFT
2025-04-23,372.3936462402344,378.3616523034824,371.0309260243866,374.05472426245655,20545500,MSFT
2025-04-24,385.2347412109375,386.37863321068227,373.18933139938025,373.696621578229,22232300,MSFT
2025-04-25,389.7605285644531,390.068873110604,382.54918803088736,384.93638434344297,18973200,MSFT
2025-04-28,389.0741882324219,390.6457497092271,384.5783015368256,389.86991018310994,16579400,MSFT
2025-04-29,391.9388427734375,392.99318803647833,388.2983555925269,389.2134328165618,14974000,MSFT
2025-04-30,393.15234375,394.54487238441686,382.39003252749313,388.21877036685504,36461100,MSFT
2025-05-01,423.1316223144531,434.65981700987567,422.6342884776108,428.81116623183453,58938100,MSFT
2025-05-02,432.95892333984375,437.0967443095362,427.69712309519423,429.43779144193553,30757400,MSFT
2025-05-05,433.8442077636719,437.15643772408293,429.80582912695047,430.5617862640975,20136100,MSFT
2025-05-06,430.99945068359375,435.39589519237757,428.8708776295015,429.8953841273505,15104200,MSFT
2025-05-07,431.03924560546875,435.7837995157977,428.8111693588705,431.5266230555768,23295300,MSFT
2025-05-08,435.8335876464844,441.3042603502225,433.3369618444988,435.59484674174973,23491300,MSFT
2025-05-09,436.3905334472656,438.38979471116045,433.55572467490674,437.6537503899646,15324200,MSFT
2025-05-12,446.8644104003906,446.9738092745622,437.43494989219903,443.5621064267163,22821900,MSFT
2025-05-13,446.74505615234375,448.2668964878236,442.9851831830833,445.392292323668,23618800,MSFT
2025-05-14,450.5247802734375,451.4796527444761,445.75038756339603,445.75038756339603,19902800,MSFT
2025-05-15,451.54119873046875,454.5904670438241,448.8506535548848,449.1894577663049,21992300,MSFT
2025-05-16,452.6772155761719,452.7668963665248,447.1566619661563,450.4649981824022,23849800,MSFT
2025-05-19,457.26104736328125,457.9785240250479,449.2193361148497,449.29907263869796,21336500,MSFT
2025-05-20,456.56353759765625,456.73292449884485,452.72703072274504,453.9925667897047,15441800,MSFT
2025-05-21,450.983154296875,456.17487788050977,450.2258093649285,452.97614166677727,19216900,MSFT
2025-05-22,453.26513671875,458.63625267798704,452.30851122486644,453.3548479183862,18025600,MSFT
2025-05-23,448.6015625,452.0992653985463,447.3360263474386,448.40228199038245,16883500,MSFT
2025-05-27,459.0746765136719,459.3337746022176,454.52069309116933,454.87944662996904,20974300,MSFT
2025-05-28,455.7563781738281,460.89828970025724,455.3278931492698,459.60285995745147,17086300,MSFT
2025-05-29,457.0717468261719,460.10109634693043,453.71356774793736,459.93167902845283,13974800,MSFT
2025-05-30,458.7458190917969,460.06119805700706,453.942742633105,458.1080789456966,34770500,MSFT
2025-06-02,460.3502197265625,460.48971303831235,455.2880448481698,455.53716828611505,16626500,MSFT
2025-06-03,461.3467102050781,462.5126212670428,459.24409259023946,459.85196958801225,15743800,MSFT
2025-06-04,462.2435302734375,464.05715611586317,461.3965045417047,462.3730793208357,14162700,MSFT
2025-06-05,466.0401611328125,468.00325491639626,462.4029652503908,463.3296970825432,20131700,MSFT
2025-06-06,468.730712890625,471.6803257365932,467.1363168836836,468.4417212017894,15285600,MSFT
2025-06-09,471.0924072265625,471.77001565920176,466.9768832876908,468.05311353771793,16469900,MSFT
2025-06-10,469.2688293457031,471.14221196784314,465.3226923748716,469.53787169847936,15375900,MSFT
2025-06-11,470.9628601074219,473.80287330978865,468.01324719222674,468.37197033665615,16399200,MSFT
2025-06-12,477.1909484863281,478.73553201697933,471.8597009390277,473.3544415367432,18950600,MSFT
2025-06-13,473.2946472167969,477.4998519181197,471.1023792861798,474.7395752703882,16814500,MSFT
2025-06-16,477.46002197265625,479.00457509504827,473.3345233196989,473.5437784887318,15626100,MSFT
2025-06-17,476.3638610839844,477.06138843382047,472.4177241014044,473.7331030955977,15414100,MSFT
2025-06-18,478.5561218261719,479.313466764918,472.7963894918646,476.3239856832242,17526500,MSFT
2025-06-20,475.7261047363281,481.76485435953526,475.1979642712812,480.53918652379775,37576200,MSFT
2025-06-23,484.2959289550781,486.0397928967888,470.8532389300749,476.53323466530253,24864000,MSFT
2025-06-24,488.3915100097656,490.1254297173699,485.0931183138473,487.23560408546166,22305600,MSFT
2025-06-25,490.5439453125,492.82592441237585,487.6740689863978,490.314771223071,17495100,MSFT
2025-06-26,495.705810546875,496.29373818928514,491.08206511354325,491.2514824256969,21578900,MSFT
2025-06-27,494.20111083984375,497.54931522943417,491.30131038962224,495.80545117387857,34539200,MSFT
2025-06-30,495.66595458984375,499.0042146991214,493.5932305818623,495.2972567719388,28369000,MSFT
2025-07-01,490.3247375488281,496.30370004913976,489.2585123483102,494.7292533047111,19945400,MSFT
2025-07-02,489.36810302734375,491.76965656989233,486.98649882219644,488.2719538404123,16319600,MSFT
2025-07-03,497.0909423828125,498.3764278450543,491.7098821739863,492.07857999859937,13984800,MSFT
2025-07-07,495.974853515625,497.0012408266234,493.4935938943106,495.6360493014733,13981600,MSFT
2025-07-08,494.8786926269531,496.4531696907806,492.3774837277821,495.4965138505155,11846600,MSFT
2025-07-09,501.74456787109375,505.003091421344,497.98776704512187,498.54580110123976,18659500,MSFT
2025-07-10,499.7216796875,502.67129257213526,496.0047471787155,501.2861517097084,16492100,MSFT
2025-07-11,501.55523681640625,503.25923259786794,496.054571905536,496.72223609239006,16459500,MSFT
2025-07-14,501.2562561035156,502.2029372942231,499.273243347857,499.7615155353931,12058800,MSFT
2025-07-15,504.04644775390625,506.51773265302506,501.027073076573,501.2562471634966,14927200,MSFT
2025-07-16,503.8471374511719,504.94328659833275,500.13023542973804,503.40867779230757,15154400,MSFT
2025-07-17,509.9058532714844,511.5699807689203,503.84715436950415,503.9069415603956,17503100,MSFT
2025-07-18,508.2616271972656,512.8355602906365,505.6508184267905,512.6760872301095,21209700,MSFT
2025-07-21,508.2715759277344,510.29448733980524,503.77737959397786,504.9333159392007,14066800,MSFT
2025-07-22,503.4983825683594,509.40761357627605,503.4983825683594,509.1784090675831,13868600,MSFT
2025-07-23,504.0962829589844,505.01307057965715,498.9444273574923,504.97320231513,16396600,MSFT
2025-07-24,509.0887145996094,511.86891017220256,505.5212500656798,506.98609704492156,16107000,MSFT
2025-07-25,511.9088439941406,516.4727417364818,508.57055332296227,510.67314061143924,19125700,MSFT
2025-07-28,510.7030334472656,513.1942677567645,508.3313735189307,512.2775105607909,14308000,MSFT
2025-07-29,510.7727966308594,515.8050777848653,509.7663282358281,513.7224399565682,16469200,MSFT
2025-07-30,511.4404296875,514.1409495778635,507.6537656967309,513.3636552782116,26380400,MSFT
2025-07-31,531.62939453125,553.5024436401114,530.0350289229713,553.2831833968122,51617300,MSFT
2025-08-01,522.2723388671875,533.9213535531813,519.0337340919326,533.1241706958108,28977600,MSFT
2025-08-04,533.7619018554688,536.3627358241171,526.2782244119826,526.4177481275262,25349000,MSFT
2025-08-05,525.8995361328125,535.41603854948,525.3913146279989,535.2964641743647,19171600,MSFT
2025-08-06,523.0994262695312,529.8357336828143,522.1926437275052,529.0385508551038,21355700,MSFT
2025-08-07,519.0138549804688,526.2384349946553,515.7353514691818,524.9529190734887,16079100,MSFT
2025-08-08,520.2095947265625,522.8204035830947,517.5888112007746,520.7676288144971,15531000,MSFT
2025-08-11,519.9405517578125,525.7401525514866,517.8976909591346,520.4686618064882,20194400,MSFT
2025-08-12,527.3843383789062,529.1182277589118,520.8672912006765,521.9135974657331,18667000,MSFT
2025-08-13,518.7547607421875,530.8322607629538,517.5489813455309,530.2443026581628,19619200,MSFT
2025-08-14,520.6480102539062,524.1058750288076,518.3162490497452,520.7277467800332,20269100,MSFT
2025-08-15,518.3461303710938,524.255330935539,517.2599862571353,520.9370505811125,25213300,MSFT
2025-08-18,515.286865234375,520.9868407954262,512.2177084457264,519.7611730136332,23760600,MSFT
2025-08-19,507.98260498046875,513.3536904476517,506.7668813962475,513.1942782099028,21481000,MSFT
2025-08-20,503.9468078613281,509.2082935133009,502.6712971096552,508.0822507382742,27723000,MSFT
2025-08-21,503.2980041503906,506.68168580920974,501.7808546744913,502.74904380636957,18443300,MSFT
2025-08-22,506.2824401855469,509.77590173606455,501.471437254012,503.3079962424447,24324200,MSFT
2025-08-25,503.3179931640625,507.2406441544574,503.1782400793436,505.6835608535286,21638600,MSFT
2025-08-26,501.1021423339844,504.0366525259624,497.5787379824689,503.4177851675948,30835700,MSFT
2025-08-27,505.7933349609375,506.34232576675964,498.96611661319633,501.06219963605827,17277900,MSFT
2025-08-28,508.68792724609375,510.1352001425548,504.5556467937143,506.1426727693108,18015600,MSFT
2025-08-29,505.7434387207031,508.64800611235046,503.5475364264987,507.7097597194238,20961600,MSFT
2025-09-02,504.1763610839844,505.0547219959289,495.88188775050133,499.53505401941584,18128000,MSFT
2025-09-03,504.40594482421875,506.8413890153064,501.3816064871684,502.8488615493355,16345100,MSFT
2025-09-04,507.02105712890625,507.20071355848035,502.2100541109688,503.3578996917829,15509500,MSFT
2025-09-05,494.0752868652344,511.0135863020471,491.4501951138555,508.11900990545524,31994800,MSFT
2025-09-08,497.2693176269531,500.26371328397477,494.10522614671714,497.1794589519428,16771000,MSFT
2025-09-09,497.4789123535156,501.3117351050236,496.77024724997165,500.4932596555404,14410500,MSFT
2025-09-10,499.43524169921875,502.2899147028095,495.7920664455459,502.04038173392,21611800,MSFT
2025-09-11,500.0740661621094,502.2300346920423,496.9499084839274,501.31173995388707,18881600,MSFT
2025-09-12,508.94744873046875,511.59249216822343,502.9087629314118,505.70352006176233,23624900,MSFT
2025-09-15,514.397216796875,514.5069966795595,506.05284913244947,507.8395136770829,17143800,MSFT
2025-09-16,508.08905029296875,516.2637221986186,507.64986983793983,515.9144004162443,19711900,MSFT
2025-09-17,509.06719970703125,510.33484666258875,504.9848440594251,509.6660849144807,15816600,MSFT
2025-09-18,507.5001525878906,512.1115168727503,506.71161989545686,510.5344514878828,18913700,MSFT
2025-09-19,516.96240234375,518.3298380532008,509.35664280609984,509.6061757592278,52474100,MSFT
2025-09-22,513.4889526367188,516.772784556969,511.5824866494396,514.6268375894382,20009300,MSFT
2025-09-23,508.2787170410156,513.6287198501773,506.3622903955001,512.8401566617626,19799600,MSFT
2025-09-24,509.19696044921875,511.5225942719762,505.9730140478167,509.4265417419943,13533700,MSFT
2025-09-25,506.0827941894531,509.0572380888419,504.09652154158834,507.3504106819217,15786500,MSFT
2025-09-26,510.5045166015625,512.9798945996346,505.67356201643696,509.1071380786861,16213100,MSFT
2025-09-29,513.6386108398438,515.8844074376258,507.9293260645142,510.5444265624633,17617800,MSFT
2025-09-30,516.982421875,517.1919905812645,508.70790002171145,512.2811987663596,19728200,MSFT
2025-10-01,518.7391357421875,519.5376290534263,510.7340986553811,513.8382741479315,22632300,MSFT
2025-10-02,514.7765502929688,520.625588764222,509.7260051791023,516.6730253227585,21222900,MSFT
2025-10-03,516.3834838867188,519.5176324904353,514.0378984273964,516.1339509263171,15112300,MSFT
2025-10-06,527.5825805664062,530.0380069481532,517.2319577376861,517.6411650074094,21388600,MSFT
2025-10-07,523.0010986328125,528.8102332144322,520.4658657072805,527.3030443984364,14615200,MSFT
2025-10-08,523.8695068359375,525.9656203925812,522.1128458539913,522.3024933531,13363400,MSFT
2025-10-09,521.4241333007812,523.3505205733983,516.4334737589328,521.3642478231245,18343600,MSFT
2025-10-10,510.0054626464844,522.6019127014883,508.6779606337136,518.6692706129455,24133800,MSFT
2025-10-13,513.0896606445312,515.4452371680482,510.7240930552238,515.4452371680482,14284200,MSFT
2025-10-14,512.610595703125,514.3174231454748,505.05473007895694,509.2768388871209,14684300,MSFT
2025-10-15,512.4708251953125,516.2238106749688,509.04724028199115,513.9979961583023,14694700,MSFT
2025-10-16,510.65423583984375,515.884437136842,507.1807563967364,511.62245544117155,15559600,MSFT
2025-10-17,512.62060546875,514.5170195527368,506.3622988729776,508.0890780500653,19867800,MSFT
2025-10-20,515.8245239257812,517.730989827423,512.4708156147512,513.6486038577511,14665600,MSFT
2025-10-21,516.6929321289062,517.7210372272165,512.0815676283437,516.533257830336,15586200,MSFT
2025-10-22,519.5675659179688,524.2488070435115,516.7428964573043,520.1764726871388,18962700,MSFT
2025-10-23,519.5875244140625,522.9712060783663,517.6411550810741,521.4839993377199,14023500,MSFT
2025-10-24,522.6318359375,524.3685757173844,519.7372899447384,521.8133604589415,15532400,MSFT
2025-10-27,530.527099609375,533.5813808592218,528.0217787333662,530.7866236569336,18734700,MSFT
2025-10-28,541.057373046875,552.6855732732587,539.7598137450263,548.9725518014023,29986700,MSFT
2025-10-29,540.538330078125,545.2495444281135,535.7273269044096,543.9220119141725,36023000,MSFT
2025-10-30,524.77783203125,533.9705877450752,521.1446173319796,529.4889853080866,41023100,MSFT
2025-10-31,516.8426513671875,528.3311587204174,514.137692119172,527.8919782690999,34006400,MSFT
2025-11-03,516.0641479492188,523.9793263365088,513.628703759196,518.8389228578652,22374700,MSFT
2025-11-04,513.3692016601562,514.5868933466259,506.8913048594995,510.80399534425794,20958700,MSFT
2025-11-05,506.2125549316406,513.8682396575209,505.6336213981725,512.3410686781482,23024300,MSFT
2025-11-06,496.1713562011719,504.75529633258907,494.88375756631746,504.7153625290288,27406500,MSFT
2025-11-07,495.8918762207031,498.4470913363115,492.32853818272196,496.02163823572937,24019800,MSFT
2025-11-10,505.0547180175781,505.9031361854127,497.8681564860657,499.10586069795033,26101500,MSFT
2025-11-11,507.7297058105469,508.64800052182136,501.411544557113,503.85694933091565,17980000,MSFT
2025-11-12,510.1851501464844,510.7141588310794,498.18758530403636,508.4084461357136,26574900,MSFT
2025-11-13,502.34979248046875,512.54071024479,500.3535287599438,509.3566671737073,25273100,MSFT
2025-11-14,509.2268981933594,510.644258818196,496.51070821491913,497.2992409027003,28505700,MSFT
2025-11-17,506.54193115234375,511.16328656765256,503.9667643395777,507.5001596757347,19092800,MSFT
2025-11-18,492.8675537109375,502.0403882023454,485.87063942574486,494.44458869198826,33815100,MSFT
2025-11-19,486.2099914550781,494.264922953439,481.9279972054541,489.18443539234676,23245300,MSFT
2025-11-20,478.42999267578125,493.57000732421875,475.5,492.7099914550781,26802500,MSFT
2025-11-21,472.1199951171875,478.9200134277344,468.2699890136719,478.5,31769200,MSFT
2025-11-24,474.0,476.8999938964844,468.0199890136719,475.0,34421000,MSFT
2025-11-25,476.989990234375,479.1499938964844,464.8900146484375,474.07000732421875,28019800,MSFT
2025-11-26,485.5,488.30999755859375,481.20001220703125,486.30999755859375,25709100,MSFT
2025-11-28,492.010009765625,492.6300048828125,486.6499938964844,487.6000061035156,14386700,MSFT
2025-12-01,486.739990234375,489.8599853515625,484.6499938964844,488.44000244140625,23964000,MSFT
2025-12-02,490.0,493.5,486.32000732421875,486.7200012207031,19562700,MSFT
2025-12-03,477.7300109863281,484.239990234375,475.20001220703125,476.32000732421875,34615100,MSFT
2025-12-04,480.8399963378906,481.32000732421875,476.489990234375,479.760009765625,22318200,MSFT
2025-12-05,483.1600036621094,483.3999938964844,478.8800048828125,482.5199890136719,22608700,MSFT
2025-12-08,491.0199890136719,492.29998779296875,484.3800048828125,484.8900146484375,21965900,MSFT
2025-12-09,492.0199890136719,492.1199951171875,488.5,489.1000061035156,14696100,MSFT
2025-12-10,478.55999755859375,484.25,475.0799865722656,484.0299987792969,35756200,MSFT
2025-12-11,483.4700012207031,486.0299987792969,475.8599853515625,476.6300048828125,24669200,MSFT
2025-12-12,478.5299987792969,482.45001220703125,476.3399963378906,479.82000732421875,21248100,MSFT
2025-12-15,474.82000732421875,480.7200012207031,472.5199890136719,480.1000061035156,23727700,MSFT
2025-12-16,476.3900146484375,477.8900146484375,470.8800048828125,471.9100036621094,20705600,MSFT
2025-12-17,476.1199951171875,480.0,475.0,476.9100036621094,24527200,MSFT
2025-12-18,483.9800109863281,489.6000061035156,477.8900146484375,478.19000244140625,28573500,MSFT
2025-12-19,485.9200134277344,487.8500061035156,482.489990234375,487.3599853515625,70836100,MSFT
2025-12-22,484.9200134277344,488.7300109863281,482.69000244140625,486.1199951171875,16963000,MSFT
2025-12-23,486.8500061035156,487.8299865722656,484.739990234375,484.9800109863281,14683600,MSFT
2025-12-24,488.0199890136719,489.1600036621094,484.8299865722656,485.67999267578125,5855900,MSFT
2025-12-26,487.7099914550781,488.1199951171875,485.9599914550781,486.7099914550781,8842200,MSFT
2025-12-29,487.1000061035156,488.3500061035156,484.17999267578125,484.8599853515625,10893400,MSFT
2025-12-30,487.4800109863281,489.67999267578125,485.5,485.92999267578125,13944500,MSFT
2025-12-31,483.6199951171875,488.1400146484375,483.29998779296875,487.8399963378906,15601600,MSFT
2026-01-02,472.94000244140625,484.6600036621094,470.1600036621094,484.3900146484375,25571600,MSFT
2026-01-05,472.8500061035156,476.07000732421875,469.5,474.05999755859375,25250300,MSFT
2026-01-06,478.510009765625,478.739990234375,469.75,473.79998779296875,23037700,MSFT
2026-01-07,483.4700012207031,489.70001220703125,477.95001220703125,479.760009765625,25564200,MSFT
2026-01-08,478.1099853515625,482.6600036621094,475.8599853515625,481.239990234375,18162600,MSFT
2026-01-09,479.2799987792969,479.82000732421875,472.20001220703125,474.05999755859375,18491000,MSFT
2026-01-12,477.17999267578125,480.989990234375,475.67999267578125,476.6700134277344,23519900,MSFT
2026-01-13,470.6700134277344,475.7799987792969,465.95001220703125,474.67999267578125,28545800,MSFT
2026-01-14,459.3800048828125,468.20001220703125,457.1700134277344,466.4599914550781,28184300,MSFT
2026-01-15,456.6600036621094,464.25,455.8999938964844,464.1199951171875,23225800,MSFT
2026-01-16,459.8599853515625,463.19000244140625,456.4800109863281,457.8299865722656,33795700,MSFT
2025-01-15,84.82599639892578,85.08399963378906,83.04100036621094,83.64399719238281,31814000,NFLX
2025-01-16,84.23699951171875,86.89800262451172,84.2020034790039,86.09600067138672,40285000,NFLX
2025-01-17,85.80999755859375,86.5,85.21299743652344,85.97899627685547,36176000,NFLX
2025-01-21,86.96800231933594,91.63999938964844,85.4749984741211,86.35299682617188,98514000,NFLX
2025-01-22,95.39900207519531,99.9000015258789,95.07599639892578,99.8030014038086,142732000,NFLX
2025-01-23,98.48600006103516,98.5,95.38999938964844,95.78099822998047,77521000,NFLX
2025-01-24,97.75900268554688,98.62799835205078,96.76799774169922,98.44100189208984,45504000,NFLX
2025-01-27,97.18900299072266,98.22699737548828,96.0260009765625,97.11000061035156,46342000,NFLX
2025-01-28,97.18299865722656,97.79299926757812,95.7300033569336,96.6709976196289,34340000,NFLX
2025-01-29,97.81500244140625,98.76399993896484,96.822998046875,98.0,29307000,NFLX
2025-01-30,97.3239974975586,99.45899963378906,97.0009994506836,98.67500305175781,38678000,NFLX
2025-01-31,97.6760025024414,99.02899932861328,97.4000015258789,97.4000015258789,36151000,NFLX
2025-02-03,97.89399719238281,98.76899719238281,96.43800354003906,97.30000305175781,37242000,NFLX
2025-02-04,99.48699951171875,100.80000305175781,97.85099792480469,98.0469970703125,60001000,NFLX
2025-02-05,101.11100006103516,101.18299865722656,98.66799926757812,98.77300262451172,39934000,NFLX
2025-02-06,101.56800079345703,101.63500213623047,100.26100158691406,100.78700256347656,31343000,NFLX
2025-02-07,101.39299774169922,102.7760009765625,100.56700134277344,101.69999694824219,32129000,NFLX
2025-02-10,102.76000213623047,103.28500366210938,101.58799743652344,102.30500030517578,32966000,NFLX
2025-02-11,100.80799865722656,102.26899719238281,100.29499816894531,102.0790023803711,33318000,NFLX
2025-02-12,102.73100280761719,102.77400207519531,99.83499908447266,100.54900360107422,33890000,NFLX
2025-02-13,104.36900329589844,104.5989990234375,102.51000213623047,102.66300201416016,34761000,NFLX
2025-02-14,105.86000061035156,106.44999694824219,104.16899871826172,104.49500274658203,31454000,NFLX
2025-02-18,103.58499908447266,106.19999694824219,102.375,106.0,42293000,NFLX
2025-02-19,104.33300018310547,104.5,102.45099639892578,103.51799774169922,26000000,NFLX
2025-02-20,102.4540023803711,104.5,101.55899810791016,104.19999694824219,31118000,NFLX
2025-02-21,100.31500244140625,103.23799896240234,99.93900299072266,102.94200134277344,37387000,NFLX
2025-02-24,98.84700012207031,101.51699829101562,98.447998046875,100.80000305175781,44262000,NFLX
2025-02-25,97.7239990234375,99.44000244140625,95.5,98.94000244140625,47383000,NFLX
2025-02-26,99.00599670410156,100.08899688720703,97.69000244140625,97.76000213623047,33972000,NFLX
2025-02-27,96.30699920654297,100.072998046875,96.18299865722656,99.5,37666000,NFLX
2025-02-28,98.05599975585938,98.22699737548828,95.81700134277344,96.95600128173828,47174000,NFLX
2025-03-03,97.37000274658203,99.49299621582031,96.48100280761719,98.30000305175781,39074000,NFLX
2025-03-04,97.25800323486328,98.63099670410156,94.82099914550781,97.16100311279297,43928000,NFLX
2025-03-05,99.09200286865234,99.55999755859375,96.947998046875,97.36199951171875,38079000,NFLX
2025-03-06,90.63600158691406,97.36900329589844,89.9000015258789,97.29900360107422,78526000,NFLX
2025-03-07,89.11100006103516,90.48899841308594,85.80699920654297,89.76399993896484,77375000,NFLX
2025-03-10,86.66799926757812,88.12699890136719,85.44999694824219,87.50700378417969,69953000,NFLX
2025-03-11,89.51000213623047,91.06800079345703,86.5999984741211,86.74099731445312,73989000,NFLX
2025-03-12,91.96800231933594,92.71800231933594,90.0999984741211,91.45999908447266,68658000,NFLX
2025-03-13,89.01699829101562,92.18900299072266,88.7509994506836,91.30000305175781,50017000,NFLX
2025-03-14,91.80000305175781,91.96299743652344,90.0999984741211,90.14600372314453,52007000,NFLX
2025-03-17,95.00199890136719,96.76300048828125,93.44200134277344,93.99500274658203,75431000,NFLX
2025-03-18,92.99800109863281,94.82499694824219,91.62999725341797,94.0,60094000,NFLX
2025-03-19,95.9489974975586,96.80000305175781,92.4000015258789,93.5770034790039,66624000,NFLX
2025-03-20,95.08399963378906,96.69999694824219,94.55000305175781,95.0009994506836,44663000,NFLX
2025-03-21,96.02899932861328,96.36499786376953,94.09500122070312,94.16400146484375,59054000,NFLX
2025-03-24,97.1989974975586,97.69999694824219,95.15499877929688,96.96700286865234,46779000,NFLX
2025-03-25,99.72799682617188,99.87000274658203,97.71099853515625,97.81800079345703,37822000,NFLX
2025-03-26,97.06500244140625,99.67900085449219,96.63200378417969,99.38099670410156,35274000,NFLX
2025-03-27,97.6719970703125,98.9000015258789,96.63700103759766,97.4219970703125,30472000,NFLX
2025-03-28,93.38500213623047,97.49800109863281,92.9229965209961,97.19999694824219,44227000,NFLX
2025-03-31,93.25299835205078,93.447998046875,90.05899810791016,92.0530014038086,46341000,NFLX
2025-04-01,92.83799743652344,93.22899627685547,91.1500015258789,92.75,35200000,NFLX
2025-04-02,93.552001953125,94.95500183105469,91.61100006103516,92.30000305175781,32569000,NFLX
2025-04-03,91.70500183105469,94.65899658203125,90.0469970703125,90.18000030517578,58646000,NFLX
2025-04-04,85.58599853515625,90.66300201416016,85.38700103759766,89.6500015258789,67988000,NFLX
2025-04-07,86.78299713134766,90.67400360107422,82.11000061035156,82.78500366210938,66568000,NFLX
2025-04-08,87.04000091552734,92.24199676513672,85.7699966430664,91.24400329589844,56254000,NFLX
2025-04-09,94.5469970703125,95.14299774169922,85.44000244140625,85.59300231933594,74980000,NFLX
2025-04-10,92.11699676513672,94.1240005493164,89.4000015258789,93.19400024414062,51298000,NFLX
2025-04-11,91.8290023803711,94.48600006103516,90.66799926757812,92.0,40736000,NFLX
2025-04-14,93.12799835205078,94.89800262451172,91.94999694824219,93.2699966430664,40359000,NFLX
2025-04-15,97.62799835205078,99.34500122070312,94.80000305175781,95.0,77120000,NFLX
2025-04-16,96.16300201416016,98.12100219726562,94.91699981689453,97.62799835205078,60661000,NFLX
2025-04-17,97.3030014038086,98.47000122070312,95.5999984741211,96.9000015258789,88937000,NFLX
2025-04-21,98.79100036621094,101.9000015258789,97.30500030517578,98.44000244140625,97757000,NFLX
2025-04-22,104.03399658203125,106.49700164794922,100.4520034790039,100.52999877929688,93689000,NFLX
2025-04-23,104.95899963378906,106.125,103.19999694824219,104.72200012207031,64719000,NFLX
2025-04-24,109.68699645996094,110.0999984741211,104.7020034790039,104.80000305175781,63819000,NFLX
2025-04-25,110.15299987792969,110.68000030517578,109.0999984741211,109.7040023803711,39500000,NFLX
2025-04-28,111.03800201416016,111.4000015258789,108.26200103759766,110.0,38311000,NFLX
2025-04-29,112.56400299072266,112.78099822998047,109.5479965209961,110.39199829101562,37773000,NFLX
2025-04-30,113.1719970703125,113.31999969482422,110.11100006103516,111.26499938964844,42667000,NFLX
2025-05-01,113.34700012207031,114.24199676513672,111.18299865722656,112.25199890136719,34995000,NFLX
2025-05-02,115.64900207519531,115.94400024414062,113.33200073242188,113.66600036621094,37743000,NFLX
2025-05-05,113.40599822998047,114.4020004272461,110.70099639892578,111.4800033569336,56623000,NFLX
2025-05-06,113.76899719238281,114.76599884033203,112.63999938964844,112.94300079345703,32567000,NFLX
2025-05-07,115.54100036621094,116.4000015258789,113.80000305175781,113.91799926757812,43497000,NFLX
2025-05-08,114.44300079345703,116.22899627685547,113.91999816894531,116.16200256347656,37609000,NFLX
2025-05-09,114.02200317382812,115.0999984741211,113.3219985961914,114.70999908447266,25696000,NFLX
2025-05-12,111.0,113.0,110.29299926757812,112.4260025024414,64791000,NFLX
2025-05-13,113.84400177001953,114.78800201416016,110.62999725341797,111.44599914550781,39979000,NFLX
2025-05-14,115.0989990234375,115.29000091552734,112.83999633789062,112.95999908447266,39101000,NFLX
2025-05-15,117.7979965209961,118.77999877929688,114.76499938964844,114.77400207519531,44640000,NFLX
2025-05-16,119.15299987792969,119.6500015258789,117.93900299072266,119.31400299072266,46984000,NFLX
2025-05-19,119.16400146484375,119.16400146484375,117.1709976196289,117.35800170898438,28534000,NFLX
2025-05-20,119.2020034790039,119.30000305175781,117.9020004272461,118.67900085449219,21331000,NFLX
2025-05-21,119.46299743652344,121.12200164794922,118.6500015258789,118.6500015258789,29766000,NFLX
2025-05-22,118.7969970703125,119.875,118.72100067138672,119.23999786376953,18616000,NFLX
2025-05-23,118.53900146484375,119.1449966430664,117.94400024414062,118.4000015258789,21865000,NFLX
2025-05-27,121.15699768066406,121.177001953125,119.30899810791016,119.53299713134766,29205000,NFLX
2025-05-28,120.8550033569336,121.59100341796875,120.60199737548828,121.0270004272461,18559000,NFLX
2025-05-29,118.48600006103516,120.9000015258789,117.62799835205078,120.80000305175781,33007000,NFLX
2025-05-30,120.7229995727539,121.18099975585938,118.09300231933594,119.83300018310547,46968000,NFLX
2025-06-02,121.89800262451172,121.94000244140625,119.625,120.12000274658203,22942000,NFLX
2025-06-03,121.79399871826172,122.95700073242188,121.11799621582031,121.98699951171875,23638000,NFLX
2025-06-04,123.96600341796875,124.25599670410156,121.98799896240234,122.072998046875,23594000,NFLX
2025-06-05,125.052001953125,126.28099822998047,123.72899627685547,124.05999755859375,28172000,NFLX
2025-06-06,124.14700317382812,126.0,123.55500030517578,125.94100189208984,25570000,NFLX
2025-06-09,122.44599914550781,123.88800048828125,122.15699768066406,123.88800048828125,24031000,NFLX
2025-06-10,120.36199951171875,122.75199890136719,118.06099700927734,122.75199890136719,44544000,NFLX
2025-06-11,121.98799896240234,122.8290023803711,119.60099792480469,120.26000213623047,23823000,NFLX
2025-06-12,121.50299835205078,123.0,121.19599914550781,122.25900268554688,20846000,NFLX
2025-06-13,121.21499633789062,122.06199645996094,120.18900299072266,120.65899658203125,22103000,NFLX
2025-06-16,122.53500366210938,122.625,121.22000122070312,121.22000122070312,21128000,NFLX
2025-06-17,122.06700134277344,123.23600006103516,121.60900115966797,121.99500274658203,18921000,NFLX
2025-06-18,122.22899627685547,124.19999694824219,122.05000305175781,122.9990005493164,22810000,NFLX
2025-06-20,123.14099884033203,124.8499984741211,122.43499755859375,123.44499969482422,53482000,NFLX
2025-06-23,125.35399627685547,125.48400115966797,121.5009994506836,123.8030014038086,26673000,NFLX
2025-06-24,127.91100311279297,128.2570037841797,125.5,126.05500030517578,26633000,NFLX
2025-06-25,127.5250015258789,129.8000030517578,127.38099670410156,128.6840057373047,21465000,NFLX
2025-06-26,130.66700744628906,130.73399353027344,128.0,128.0,26059000,NFLX
2025-06-27,132.31199645996094,133.13499450683594,130.10000610351562,130.68800354003906,40709000,NFLX
2025-06-30,133.91299438476562,134.11500549316406,132.12100219726562,133.10000610351562,32829000,NFLX
2025-07-01,129.36000061035156,133.8769989013672,128.2220001220703,133.822998046875,49936000,NFLX
2025-07-02,128.48599243164062,129.9949951171875,127.15899658203125,129.6959991455078,30488000,NFLX
2025-07-03,129.71800231933594,130.2259979248047,127.97599792480469,129.1999969482422,20062000,NFLX
2025-07-07,128.96200561523438,129.5,127.60199737548828,129.5,22737000,NFLX
2025-07-08,127.53099822998047,129.3249969482422,126.0,129.08999633789062,32925000,NFLX
2025-07-09,128.8280029296875,128.82899475097656,126.6240005493164,127.39900207519531,23845000,NFLX
2025-07-10,125.05899810791016,128.9600067138672,124.60099792480469,128.5500030517578,42308000,NFLX
2025-07-11,124.51100158691406,126.0999984741211,123.12999725341797,125.97899627685547,39572000,NFLX
2025-07-14,126.19499969482422,127.04900360107422,124.0,124.49099731445312,27810000,NFLX
2025-07-15,126.0270004272461,127.12200164794922,124.3239974975586,126.19999694824219,28017000,NFLX
2025-07-16,125.03099822998047,127.0999984741211,124.98200225830078,126.1709976196289,32270000,NFLX
2025-07-17,127.41699981689453,127.75,124.4800033569336,125.30000305175781,64699000,NFLX
2025-07-18,120.92400360107422,124.6500015258789,120.10099792480469,124.19599914550781,106933000,NFLX
2025-07-21,123.3270034790039,123.70999908447266,119.80000305175781,120.5999984741211,56276000,NFLX
2025-07-22,119.00800323486328,123.23699951171875,118.75,123.03800201416016,50630000,NFLX
2025-07-23,117.6780014038086,119.26200103759766,117.36000061035156,118.98100280761719,45043000,NFLX
2025-07-24,118.07599639892578,118.3499984741211,116.26599884033203,117.77999877929688,38456000,NFLX
2025-07-25,118.04900360107422,118.73200225830078,117.43800354003906,117.84200286865234,26293000,NFLX
2025-07-28,117.45999908447266,119.77899932861328,116.85299682617188,118.12000274658203,34470000,NFLX
2025-07-29,116.8740005493164,117.95999908447266,116.3290023803711,117.9000015258789,27525000,NFLX
2025-07-30,118.41999816894531,118.48500061035156,116.61000061035156,116.8550033569336,29227000,NFLX
2025-07-31,115.94000244140625,119.0,115.77400207519531,118.4800033569336,37129000,NFLX
2025-08-01,115.86000061035156,117.85099792480469,115.28500366210938,116.3010025024414,38910000,NFLX
2025-08-04,117.0989990234375,117.69999694824219,116.26200103759766,116.76499938964844,22447000,NFLX
2025-08-05,114.78700256347656,117.1709976196289,114.47100067138672,117.0999984741211,26607000,NFLX
2025-08-06,117.8479995727539,118.13800048828125,115.18699645996094,115.35199737548828,33622000,NFLX
2025-08-07,118.03700256347656,119.12200164794922,116.81999969482422,118.1760025024414,26283000,NFLX
2025-08-08,121.16400146484375,121.41100311279297,118.03700256347656,118.31900024414062,38167000,NFLX
2025-08-11,121.83100128173828,122.30699920654297,120.19300079345703,121.4010009765625,24556000,NFLX
2025-08-12,122.52799987792969,123.1989974975586,120.6510009765625,122.5,22788000,NFLX
2025-08-13,120.44400024414062,123.71199798583984,120.30000305175781,123.4000015258789,27624000,NFLX
2025-08-14,123.05599975585938,124.40899658203125,120.7030029296875,120.98899841308594,39047000,NFLX
2025-08-15,123.8949966430664,124.69400024414062,122.78800201416016,123.40399932861328,27678000,NFLX
2025-08-18,124.50900268554688,125.11599731445312,123.54499816894531,123.56300354003906,21111000,NFLX
2025-08-19,121.41500091552734,124.0999984741211,119.27899932861328,124.0199966430664,37077000,NFLX
2025-08-20,121.38600158691406,122.30000305175781,119.33100128173828,121.80000305175781,24344000,NFLX
2025-08-21,120.62100219726562,122.13999938964844,119.76399993896484,121.14299774169922,20472000,NFLX
2025-08-22,120.46499633789062,121.36199951171875,119.822998046875,120.88800048828125,31281000,NFLX
2025-08-25,121.80699920654297,123.37999725341797,119.9000015258789,120.16500091552734,28120000,NFLX
2025-08-26,122.60900115966797,123.1500015258789,121.22000122070312,122.02100372314453,19857000,NFLX
2025-08-27,122.3499984741211,122.9209976196289,121.30000305175781,122.36100006103516,16645000,NFLX
2025-08-28,123.1449966430664,123.78900146484375,121.427001953125,122.27899932861328,19503000,NFLX
2025-08-29,120.82499694824219,122.87899780273438,120.11499786376953,122.7969970703125,32098000,NFLX
2025-09-02,121.41100311279297,121.54000091552734,118.27999877929688,119.69999694824219,23033000,NFLX
2025-09-03,122.61799621582031,122.69999694824219,120.33799743652344,120.51399993896484,24715000,NFLX
2025-09-04,125.74800109863281,125.74800109863281,122.30899810791016,122.31999969482422,30235000,NFLX
2025-09-05,124.38200378417969,126.70999908447266,123.9020004272461,126.0,23797000,NFLX
2025-09-08,124.47599792480469,125.2040023803711,123.19999694824219,124.85399627685547,19151000,NFLX
2025-09-09,126.32499694824219,126.5719985961914,124.66699981689453,124.66699981689453,22197000,NFLX
2025-09-10,124.77100372314453,126.69999694824219,124.63600158691406,126.39700317382812,27010000,NFLX
2025-09-11,120.3499984741211,125.34500122070312,119.19999694824219,125.0999984741211,56823000,NFLX
2025-09-12,118.84400177001953,121.1780014038086,118.23999786376953,120.30599975585938,37849000,NFLX
2025-09-15,120.22599792480469,120.7239990234375,117.32099914550781,118.83999633789062,29093000,NFLX
2025-09-16,120.0510025024414,120.9000015258789,119.72799682617188,120.56400299072266,24047000,NFLX
2025-09-17,122.8499984741211,123.39299774169922,120.66100311279297,122.10199737548828,34598000,NFLX
2025-09-18,120.77799987792969,123.30000305175781,120.55000305175781,122.08200073242188,31691000,NFLX
2025-09-19,122.6969985961914,122.99500274658203,120.80999755859375,121.86199951171875,49476000,NFLX
2025-09-22,122.73699951171875,122.97599792480469,121.42400360107422,122.19000244140625,25468000,NFLX
2025-09-23,121.84700012207031,122.77899932861328,120.84700012207031,122.73300170898438,24991000,NFLX
2025-09-24,120.3949966430664,122.1500015258789,119.41999816894531,121.86100006103516,27731000,NFLX
2025-09-25,120.8239974975586,121.68399810791016,119.1510009765625,120.30899810791016,19978000,NFLX
2025-09-26,121.06099700927734,121.4000015258789,120.0,120.54199981689453,19450000,NFLX
2025-09-29,120.64099884033203,122.4489974975586,118.75399780273438,120.5,30332000,NFLX
2025-09-30,119.89199829101562,120.8499984741211,117.80000305175781,120.64099884033203,38303000,NFLX
2025-10-01,117.08999633789062,117.91400146484375,116.32099914550781,117.54900360107422,41102000,NFLX
2025-10-02,116.25299835205078,116.33300018310547,113.4000015258789,116.1500015258789,46855000,NFLX
2025-10-03,115.33200073242188,116.80000305175781,114.3219985961914,116.5,31374000,NFLX
2025-10-06,116.33100128173828,116.35800170898438,114.54499816894531,116.03700256347656,29686000,NFLX
2025-10-07,119.10600280761719,120.13700103759766,117.74600219726562,117.77899932861328,33091000,NFLX
2025-10-08,121.42500305175781,121.73899841308594,119.19999694824219,119.71099853515625,28514000,NFLX
2025-10-09,123.10700225830078,123.75,121.18199920654297,121.42500305175781,28241000,NFLX
2025-10-10,122.00800323486328,124.69999694824219,121.91000366210938,122.9000015258789,42798000,NFLX
2025-10-13,121.90299987792969,123.11199951171875,120.68099975585938,122.13500213623047,24608000,NFLX
2025-10-14,121.53500366210938,122.42900085449219,120.30999755859375,121.4749984741211,23624000,NFLX
2025-10-15,120.3290023803711,121.96199798583984,120.16100311279297,121.3010025024414,20252000,NFLX
2025-10-16,118.35900115966797,121.6709976196289,117.5999984741211,121.21499633789062,28326000,NFLX
2025-10-17,119.93599700927734,120.31199645996094,117.8949966430664,118.36000061035156,29571000,NFLX
2025-10-20,123.85600280761719,124.7760009765625,120.69000244140625,120.78800201416016,39862000,NFLX
2025-10-21,124.13500213623047,124.86000061035156,123.1760025024414,124.28299713134766,65082000,NFLX
2025-10-22,111.63700103759766,115.76000213623047,111.2509994506836,114.29000091552734,147890000,NFLX
2025-10-23,111.35900115966797,112.78299713134766,109.9729995727539,112.69000244140625,68497000,NFLX
2025-10-24,109.46900177001953,111.45099639892578,109.44100189208984,111.0999984741211,60280000,NFLX
2025-10-27,109.45600128173828,110.22799682617188,108.7300033569336,110.06700134277344,46911000,NFLX
2025-10-28,110.25,111.697998046875,109.3010025024414,109.4000015258789,40209000,NFLX
2025-10-29,110.04100036621094,110.8550033569336,109.5999984741211,109.98400115966797,33995000,NFLX
2025-10-30,108.9000015258789,110.61599731445312,108.81099700927734,109.44000244140625,41581000,NFLX
2025-10-31,111.88600158691406,113.48799896240234,110.197998046875,110.53900146484375,68665000,NFLX
2025-11-03,110.00900268554688,113.3499984741211,107.51499938964844,113.3239974975586,58634000,NFLX
2025-11-04,109.2959976196289,110.45999908447266,108.66799926757812,109.9990005493164,38718000,NFLX
2025-11-05,109.84600067138672,110.08499908447266,107.33699798583984,108.5,35539000,NFLX
2025-11-06,109.7020034790039,110.37000274658203,108.51300048828125,109.45800018310547,36532000,NFLX
2025-11-07,110.36599731445312,110.8219985961914,108.75,109.41799926757812,44125000,NFLX
2025-11-10,112.00700378417969,112.81999969482422,110.40499877929688,110.6719970703125,36929000,NFLX
2025-11-11,113.64399719238281,113.9219970703125,111.27999877929688,111.76000213623047,27966000,NFLX
2025-11-12,115.75,116.43399810791016,112.82599639892578,113.81700134277344,39221000,NFLX
2025-11-13,115.4229965209961,116.73300170898438,114.56900024414062,115.8499984741211,40144000,NFLX
2025-11-14,111.21700286865234,114.27300262451172,110.72100067138672,114.27300262451172,47607000,NFLX
2025-11-17,110.29000091552734,111.8499984741211,109.55000305175781,110.75,26082700,NFLX
2025-11-18,114.08999633789062,115.25,109.19999694824219,110.29000091552734,43440600,NFLX
2025-11-19,110.0,113.33999633789062,108.61000061035156,113.0,31868100,NFLX
2025-11-20,105.66999816894531,111.0999984741211,105.38999938964844,111.0,36918500,NFLX
2025-11-21,104.30999755859375,106.52999877929688,103.80999755859375,105.12999725341797,41232700,NFLX
2025-11-24,106.97000122070312,108.04000091552734,103.31999969482422,104.25,62918300,NFLX
2025-11-25,104.4000015258789,106.30000305175781,103.81999969482422,106.12000274658203,35122600,NFLX
2025-11-26,106.13999938964844,106.94999694824219,105.22000122070312,105.73999786376953,27951000,NFLX
2025-11-28,107.58000183105469,107.94000244140625,106.23999786376953,106.44000244140625,15021600,NFLX
2025-12-01,109.12999725341797,109.33999633789062,106.30999755859375,106.51000213623047,24873400,NFLX
2025-12-02,109.3499984741211,109.7300033569336,107.5199966430664,109.20999908447266,25763000,NFLX
2025-12-03,103.95999908447266,106.87000274658203,102.02999877929688,106.58999633789062,53593400,NFLX
2025-12-04,103.22000122070312,103.80000305175781,101.7699966430664,103.56999969482422,51779100,NFLX
2025-12-05,100.23999786376953,104.79000091552734,97.73999786376953,98.77999877929688,133363600,NFLX
2025-12-08,96.79000091552734,99.88999938964844,95.30000305175781,99.87000274658203,100906300,NFLX
2025-12-09,96.70999908447266,97.23999786376953,95.44999694824219,97.02999877929688,51745600,NFLX
2025-12-10,92.70999908447266,96.97000122070312,92.3499984741211,96.73999786376953,74129300,NFLX
2025-12-11,94.08999633789062,94.81999969482422,92.76000213623047,93.9000015258789,43949000,NFLX
2025-12-12,95.19000244140625,96.91999816894531,94.6500015258789,95.5,49323100,NFLX
2025-12-15,93.7699966430664,96.37000274658203,93.52999877929688,96.0199966430664,40016500,NFLX
2025-12-16,94.56999969482422,94.93000030517578,93.31999969482422,93.87999725341797,34265000,NFLX
2025-12-17,94.79000091552734,97.33000183105469,94.45999908447266,95.9800033569336,50472800,NFLX
2025-12-18,94.0,95.80999755859375,93.58999633789062,95.0199966430664,37244700,NFLX
2025-12-19,94.38999938964844,95.54000091552734,93.44999694824219,93.56999969482422,78990200,NFLX
2025-12-22,93.2300033569336,94.70999908447266,92.91000366210938,94.70999908447266,39484800,NFLX
2025-12-23,93.5,93.80999755859375,91.33000183105469,93.4000015258789,25896200,NFLX
2025-12-24,93.63999938964844,93.68000030517578,92.66999816894531,93.11000061035156,12427900,NFLX
2025-12-26,94.47000122070312,94.69000244140625,93.2699966430664,93.4800033569336,22068300,NFLX
2025-12-29,94.1500015258789,94.97000122070312,93.62999725341797,93.98999786376953,24493700,NFLX
2025-12-30,93.77999877929688,93.98999786376953,93.33999633789062,93.5199966430664,23422000,NFLX
2025-12-31,93.76000213623047,94.30999755859375,93.19999694824219,93.5999984741211,23495200,NFLX
2026-01-02,90.98999786376953,94.12999725341797,90.80999755859375,94.12999725341797,41155400,NFLX
2026-01-05,91.45999908447266,92.62999725341797,90.83999633789062,90.91999816894531,39183300,NFLX
2026-01-06,90.6500015258789,91.63999938964844,89.73999786376953,91.54000091552734,43331000,NFLX
2026-01-07,90.7300033569336,92.41999816894531,90.05999755859375,91.55999755859375,36525700,NFLX
2026-01-08,90.52999877929688,91.25,89.58000183105469,90.44999694824219,40068700,NFLX
2026-01-09,89.45999908447266,90.05000305175781,88.31999969482422,90.02999877929688,55579500,NFLX
2026-01-12,89.41000366210938,90.33999633789062,89.33000183105469,89.69000244140625,36290600,NFLX
2026-01-13,90.31999969482422,91.1500015258789,89.06999969482422,89.44000244140625,45221100,NFLX
2026-01-14,88.55000305175781,91.58000183105469,87.94999694824219,91.23999786376953,49737700,NFLX
2026-01-15,88.05000305175781,89.88999938964844,87.81999969482422,89.0199966430664,36945100,NFLX
2026-01-16,88.0,88.51000213623047,87.77999877929688,88.33999633789062,47301500,NFLX
